#
# TABLE STRUCTURE FOR: communities
#

DROP TABLE IF EXISTS `communities`;

CREATE TABLE `communities` (
  `id` bigint(20) unsigned NOT NULL AUTO_INCREMENT,
  `name` varchar(145) COLLATE utf8mb4_unicode_ci NOT NULL,
  `description` varchar(245) COLLATE utf8mb4_unicode_ci DEFAULT NULL,
  `admin_id` bigint(20) unsigned NOT NULL,
  PRIMARY KEY (`id`),
  KEY `fk_communities_users_admin_idx` (`admin_id`),
  CONSTRAINT `fk_communities_users` FOREIGN KEY (`admin_id`) REFERENCES `users` (`id`)
) ENGINE=InnoDB DEFAULT CHARSET=utf8mb4 COLLATE=utf8mb4_unicode_ci;

#
# TABLE STRUCTURE FOR: communities_users
#

DROP TABLE IF EXISTS `communities_users`;

CREATE TABLE `communities_users` (
  `community_id` bigint(20) unsigned NOT NULL,
  `user_id` bigint(20) unsigned NOT NULL,
  `created_at` datetime NOT NULL DEFAULT current_timestamp(),
  PRIMARY KEY (`community_id`,`user_id`),
  KEY `communities_users_comm_idx` (`community_id`),
  KEY `communities_users_users_idx` (`user_id`),
  CONSTRAINT `fk_communities_users_comm` FOREIGN KEY (`community_id`) REFERENCES `communities` (`id`),
  CONSTRAINT `fk_communities_users_users` FOREIGN KEY (`user_id`) REFERENCES `users` (`id`)
) ENGINE=InnoDB DEFAULT CHARSET=utf8mb4 COLLATE=utf8mb4_unicode_ci;

#
# TABLE STRUCTURE FOR: friend_requests
#

DROP TABLE IF EXISTS `friend_requests`;

CREATE TABLE `friend_requests` (
  `from_user_id` bigint(20) unsigned NOT NULL,
  `to_user_id` bigint(20) unsigned NOT NULL,
  `accepted` tinyint(1) DEFAULT 0,
  PRIMARY KEY (`from_user_id`,`to_user_id`),
  KEY `fk_friend_requests_from_user_idx` (`from_user_id`),
  KEY `fk_friend_requests_to_user_idx` (`to_user_id`),
  CONSTRAINT `fk_friend_requests_users_1` FOREIGN KEY (`from_user_id`) REFERENCES `users` (`id`),
  CONSTRAINT `fk_friend_requests_users_2` FOREIGN KEY (`to_user_id`) REFERENCES `users` (`id`)
) ENGINE=InnoDB DEFAULT CHARSET=utf8mb4 COLLATE=utf8mb4_unicode_ci;

INSERT INTO `friend_requests` (`from_user_id`, `to_user_id`, `accepted`) VALUES ('1', '40', 0);
INSERT INTO `friend_requests` (`from_user_id`, `to_user_id`, `accepted`) VALUES ('3', '32', 0);
INSERT INTO `friend_requests` (`from_user_id`, `to_user_id`, `accepted`) VALUES ('3', '63', 0);
INSERT INTO `friend_requests` (`from_user_id`, `to_user_id`, `accepted`) VALUES ('3', '80', 0);
INSERT INTO `friend_requests` (`from_user_id`, `to_user_id`, `accepted`) VALUES ('4', '45', 0);
INSERT INTO `friend_requests` (`from_user_id`, `to_user_id`, `accepted`) VALUES ('4', '58', 0);
INSERT INTO `friend_requests` (`from_user_id`, `to_user_id`, `accepted`) VALUES ('5', '27', 0);
INSERT INTO `friend_requests` (`from_user_id`, `to_user_id`, `accepted`) VALUES ('6', '27', 0);
INSERT INTO `friend_requests` (`from_user_id`, `to_user_id`, `accepted`) VALUES ('6', '54', 0);
INSERT INTO `friend_requests` (`from_user_id`, `to_user_id`, `accepted`) VALUES ('6', '88', 0);
INSERT INTO `friend_requests` (`from_user_id`, `to_user_id`, `accepted`) VALUES ('7', '97', 0);
INSERT INTO `friend_requests` (`from_user_id`, `to_user_id`, `accepted`) VALUES ('9', '82', 0);
INSERT INTO `friend_requests` (`from_user_id`, `to_user_id`, `accepted`) VALUES ('9', '87', 0);
INSERT INTO `friend_requests` (`from_user_id`, `to_user_id`, `accepted`) VALUES ('10', '17', 0);
INSERT INTO `friend_requests` (`from_user_id`, `to_user_id`, `accepted`) VALUES ('12', '2', 0);
INSERT INTO `friend_requests` (`from_user_id`, `to_user_id`, `accepted`) VALUES ('12', '52', 0);
INSERT INTO `friend_requests` (`from_user_id`, `to_user_id`, `accepted`) VALUES ('12', '62', 0);
INSERT INTO `friend_requests` (`from_user_id`, `to_user_id`, `accepted`) VALUES ('15', '12', 0);
INSERT INTO `friend_requests` (`from_user_id`, `to_user_id`, `accepted`) VALUES ('15', '72', 0);
INSERT INTO `friend_requests` (`from_user_id`, `to_user_id`, `accepted`) VALUES ('17', '37', 0);
INSERT INTO `friend_requests` (`from_user_id`, `to_user_id`, `accepted`) VALUES ('17', '43', 0);
INSERT INTO `friend_requests` (`from_user_id`, `to_user_id`, `accepted`) VALUES ('19', '70', 0);
INSERT INTO `friend_requests` (`from_user_id`, `to_user_id`, `accepted`) VALUES ('20', '22', 0);
INSERT INTO `friend_requests` (`from_user_id`, `to_user_id`, `accepted`) VALUES ('22', '8', 0);
INSERT INTO `friend_requests` (`from_user_id`, `to_user_id`, `accepted`) VALUES ('23', '76', 0);
INSERT INTO `friend_requests` (`from_user_id`, `to_user_id`, `accepted`) VALUES ('23', '82', 0);
INSERT INTO `friend_requests` (`from_user_id`, `to_user_id`, `accepted`) VALUES ('23', '94', 0);
INSERT INTO `friend_requests` (`from_user_id`, `to_user_id`, `accepted`) VALUES ('25', '48', 0);
INSERT INTO `friend_requests` (`from_user_id`, `to_user_id`, `accepted`) VALUES ('25', '92', 0);
INSERT INTO `friend_requests` (`from_user_id`, `to_user_id`, `accepted`) VALUES ('26', '24', 0);
INSERT INTO `friend_requests` (`from_user_id`, `to_user_id`, `accepted`) VALUES ('27', '36', 0);
INSERT INTO `friend_requests` (`from_user_id`, `to_user_id`, `accepted`) VALUES ('27', '100', 0);
INSERT INTO `friend_requests` (`from_user_id`, `to_user_id`, `accepted`) VALUES ('29', '28', 0);
INSERT INTO `friend_requests` (`from_user_id`, `to_user_id`, `accepted`) VALUES ('35', '25', 0);
INSERT INTO `friend_requests` (`from_user_id`, `to_user_id`, `accepted`) VALUES ('35', '85', 0);
INSERT INTO `friend_requests` (`from_user_id`, `to_user_id`, `accepted`) VALUES ('37', '15', 0);
INSERT INTO `friend_requests` (`from_user_id`, `to_user_id`, `accepted`) VALUES ('38', '2', 0);
INSERT INTO `friend_requests` (`from_user_id`, `to_user_id`, `accepted`) VALUES ('39', '85', 0);
INSERT INTO `friend_requests` (`from_user_id`, `to_user_id`, `accepted`) VALUES ('40', '83', 0);
INSERT INTO `friend_requests` (`from_user_id`, `to_user_id`, `accepted`) VALUES ('41', '77', 0);
INSERT INTO `friend_requests` (`from_user_id`, `to_user_id`, `accepted`) VALUES ('42', '28', 0);
INSERT INTO `friend_requests` (`from_user_id`, `to_user_id`, `accepted`) VALUES ('43', '40', 0);
INSERT INTO `friend_requests` (`from_user_id`, `to_user_id`, `accepted`) VALUES ('44', '18', 0);
INSERT INTO `friend_requests` (`from_user_id`, `to_user_id`, `accepted`) VALUES ('45', '73', 0);
INSERT INTO `friend_requests` (`from_user_id`, `to_user_id`, `accepted`) VALUES ('46', '48', 0);
INSERT INTO `friend_requests` (`from_user_id`, `to_user_id`, `accepted`) VALUES ('46', '67', 0);
INSERT INTO `friend_requests` (`from_user_id`, `to_user_id`, `accepted`) VALUES ('47', '51', 0);
INSERT INTO `friend_requests` (`from_user_id`, `to_user_id`, `accepted`) VALUES ('49', '28', 0);
INSERT INTO `friend_requests` (`from_user_id`, `to_user_id`, `accepted`) VALUES ('50', '27', 0);
INSERT INTO `friend_requests` (`from_user_id`, `to_user_id`, `accepted`) VALUES ('51', '66', 0);
INSERT INTO `friend_requests` (`from_user_id`, `to_user_id`, `accepted`) VALUES ('52', '20', 0);
INSERT INTO `friend_requests` (`from_user_id`, `to_user_id`, `accepted`) VALUES ('53', '2', 0);
INSERT INTO `friend_requests` (`from_user_id`, `to_user_id`, `accepted`) VALUES ('53', '93', 0);
INSERT INTO `friend_requests` (`from_user_id`, `to_user_id`, `accepted`) VALUES ('54', '39', 0);
INSERT INTO `friend_requests` (`from_user_id`, `to_user_id`, `accepted`) VALUES ('54', '70', 0);
INSERT INTO `friend_requests` (`from_user_id`, `to_user_id`, `accepted`) VALUES ('56', '11', 0);
INSERT INTO `friend_requests` (`from_user_id`, `to_user_id`, `accepted`) VALUES ('56', '95', 0);
INSERT INTO `friend_requests` (`from_user_id`, `to_user_id`, `accepted`) VALUES ('58', '4', 0);
INSERT INTO `friend_requests` (`from_user_id`, `to_user_id`, `accepted`) VALUES ('58', '26', 0);
INSERT INTO `friend_requests` (`from_user_id`, `to_user_id`, `accepted`) VALUES ('59', '11', 0);
INSERT INTO `friend_requests` (`from_user_id`, `to_user_id`, `accepted`) VALUES ('59', '81', 0);
INSERT INTO `friend_requests` (`from_user_id`, `to_user_id`, `accepted`) VALUES ('63', '9', 0);
INSERT INTO `friend_requests` (`from_user_id`, `to_user_id`, `accepted`) VALUES ('64', '20', 0);
INSERT INTO `friend_requests` (`from_user_id`, `to_user_id`, `accepted`) VALUES ('64', '67', 0);
INSERT INTO `friend_requests` (`from_user_id`, `to_user_id`, `accepted`) VALUES ('66', '24', 0);
INSERT INTO `friend_requests` (`from_user_id`, `to_user_id`, `accepted`) VALUES ('66', '38', 0);
INSERT INTO `friend_requests` (`from_user_id`, `to_user_id`, `accepted`) VALUES ('67', '39', 0);
INSERT INTO `friend_requests` (`from_user_id`, `to_user_id`, `accepted`) VALUES ('67', '88', 0);
INSERT INTO `friend_requests` (`from_user_id`, `to_user_id`, `accepted`) VALUES ('67', '94', 0);
INSERT INTO `friend_requests` (`from_user_id`, `to_user_id`, `accepted`) VALUES ('68', '41', 0);
INSERT INTO `friend_requests` (`from_user_id`, `to_user_id`, `accepted`) VALUES ('69', '32', 0);
INSERT INTO `friend_requests` (`from_user_id`, `to_user_id`, `accepted`) VALUES ('69', '54', 0);
INSERT INTO `friend_requests` (`from_user_id`, `to_user_id`, `accepted`) VALUES ('72', '80', 0);
INSERT INTO `friend_requests` (`from_user_id`, `to_user_id`, `accepted`) VALUES ('73', '96', 0);
INSERT INTO `friend_requests` (`from_user_id`, `to_user_id`, `accepted`) VALUES ('75', '29', 0);
INSERT INTO `friend_requests` (`from_user_id`, `to_user_id`, `accepted`) VALUES ('77', '51', 0);
INSERT INTO `friend_requests` (`from_user_id`, `to_user_id`, `accepted`) VALUES ('78', '4', 0);
INSERT INTO `friend_requests` (`from_user_id`, `to_user_id`, `accepted`) VALUES ('78', '46', 0);
INSERT INTO `friend_requests` (`from_user_id`, `to_user_id`, `accepted`) VALUES ('82', '19', 0);
INSERT INTO `friend_requests` (`from_user_id`, `to_user_id`, `accepted`) VALUES ('82', '89', 0);
INSERT INTO `friend_requests` (`from_user_id`, `to_user_id`, `accepted`) VALUES ('84', '34', 0);
INSERT INTO `friend_requests` (`from_user_id`, `to_user_id`, `accepted`) VALUES ('85', '17', 0);
INSERT INTO `friend_requests` (`from_user_id`, `to_user_id`, `accepted`) VALUES ('85', '32', 0);
INSERT INTO `friend_requests` (`from_user_id`, `to_user_id`, `accepted`) VALUES ('88', '52', 0);
INSERT INTO `friend_requests` (`from_user_id`, `to_user_id`, `accepted`) VALUES ('88', '90', 0);
INSERT INTO `friend_requests` (`from_user_id`, `to_user_id`, `accepted`) VALUES ('91', '82', 0);
INSERT INTO `friend_requests` (`from_user_id`, `to_user_id`, `accepted`) VALUES ('92', '77', 0);
INSERT INTO `friend_requests` (`from_user_id`, `to_user_id`, `accepted`) VALUES ('93', '69', 0);
INSERT INTO `friend_requests` (`from_user_id`, `to_user_id`, `accepted`) VALUES ('94', '94', 0);
INSERT INTO `friend_requests` (`from_user_id`, `to_user_id`, `accepted`) VALUES ('95', '24', 0);
INSERT INTO `friend_requests` (`from_user_id`, `to_user_id`, `accepted`) VALUES ('95', '51', 0);
INSERT INTO `friend_requests` (`from_user_id`, `to_user_id`, `accepted`) VALUES ('95', '75', 0);
INSERT INTO `friend_requests` (`from_user_id`, `to_user_id`, `accepted`) VALUES ('96', '8', 0);
INSERT INTO `friend_requests` (`from_user_id`, `to_user_id`, `accepted`) VALUES ('96', '88', 0);
INSERT INTO `friend_requests` (`from_user_id`, `to_user_id`, `accepted`) VALUES ('96', '96', 0);
INSERT INTO `friend_requests` (`from_user_id`, `to_user_id`, `accepted`) VALUES ('97', '5', 0);
INSERT INTO `friend_requests` (`from_user_id`, `to_user_id`, `accepted`) VALUES ('98', '21', 0);
INSERT INTO `friend_requests` (`from_user_id`, `to_user_id`, `accepted`) VALUES ('98', '99', 0);
INSERT INTO `friend_requests` (`from_user_id`, `to_user_id`, `accepted`) VALUES ('99', '12', 0);
INSERT INTO `friend_requests` (`from_user_id`, `to_user_id`, `accepted`) VALUES ('100', '35', 0);


#
# TABLE STRUCTURE FOR: media
#

DROP TABLE IF EXISTS `media`;

CREATE TABLE `media` (
  `id` bigint(20) unsigned NOT NULL AUTO_INCREMENT,
  `user_id` bigint(20) unsigned NOT NULL,
  `media_types_id` int(10) unsigned NOT NULL,
  `file_name` varchar(245) COLLATE utf8mb4_unicode_ci DEFAULT NULL COMMENT '/files/folder/img.png',
  `file_size` bigint(20) DEFAULT NULL,
  `created_at` datetime NOT NULL DEFAULT current_timestamp(),
  PRIMARY KEY (`id`),
  KEY `fk_media_users_idx` (`user_id`),
  KEY `fk_media_media_types` (`media_types_id`),
  CONSTRAINT `fk_media_media_types` FOREIGN KEY (`media_types_id`) REFERENCES `media_types` (`id`),
  CONSTRAINT `fk_media_users` FOREIGN KEY (`user_id`) REFERENCES `users` (`id`)
) ENGINE=InnoDB AUTO_INCREMENT=101 DEFAULT CHARSET=utf8mb4 COLLATE=utf8mb4_unicode_ci;

INSERT INTO `media` (`id`, `user_id`, `media_types_id`, `file_name`, `file_size`, `created_at`) VALUES ('1', '32', 3, 'non', '0', '2004-04-28 19:36:34');
INSERT INTO `media` (`id`, `user_id`, `media_types_id`, `file_name`, `file_size`, `created_at`) VALUES ('2', '46', 3, 'aut', '14', '1986-08-12 23:09:36');
INSERT INTO `media` (`id`, `user_id`, `media_types_id`, `file_name`, `file_size`, `created_at`) VALUES ('3', '47', 3, 'veniam', '0', '1974-12-07 06:35:17');
INSERT INTO `media` (`id`, `user_id`, `media_types_id`, `file_name`, `file_size`, `created_at`) VALUES ('4', '47', 1, 'unde', '981990708', '1972-12-30 06:45:08');
INSERT INTO `media` (`id`, `user_id`, `media_types_id`, `file_name`, `file_size`, `created_at`) VALUES ('5', '67', 4, 'optio', '137', '1998-04-09 09:50:30');
INSERT INTO `media` (`id`, `user_id`, `media_types_id`, `file_name`, `file_size`, `created_at`) VALUES ('6', '30', 4, 'tempore', '750462', '2015-12-15 17:22:59');
INSERT INTO `media` (`id`, `user_id`, `media_types_id`, `file_name`, `file_size`, `created_at`) VALUES ('7', '98', 4, 'debitis', '7592', '1979-10-09 16:12:03');
INSERT INTO `media` (`id`, `user_id`, `media_types_id`, `file_name`, `file_size`, `created_at`) VALUES ('8', '45', 2, 'perspiciatis', '974536', '2019-08-05 02:14:28');
INSERT INTO `media` (`id`, `user_id`, `media_types_id`, `file_name`, `file_size`, `created_at`) VALUES ('9', '13', 2, 'accusantium', '7500051', '1974-12-12 19:32:51');
INSERT INTO `media` (`id`, `user_id`, `media_types_id`, `file_name`, `file_size`, `created_at`) VALUES ('10', '55', 2, 'explicabo', '87891149', '2002-03-28 12:11:05');
INSERT INTO `media` (`id`, `user_id`, `media_types_id`, `file_name`, `file_size`, `created_at`) VALUES ('11', '73', 1, 'consequuntur', '76784', '1997-03-16 09:12:39');
INSERT INTO `media` (`id`, `user_id`, `media_types_id`, `file_name`, `file_size`, `created_at`) VALUES ('12', '1', 4, 'quia', '4535', '2016-05-29 15:12:20');
INSERT INTO `media` (`id`, `user_id`, `media_types_id`, `file_name`, `file_size`, `created_at`) VALUES ('13', '40', 3, 'a', '0', '1977-12-19 06:40:04');
INSERT INTO `media` (`id`, `user_id`, `media_types_id`, `file_name`, `file_size`, `created_at`) VALUES ('14', '25', 3, 'qui', '9', '1988-02-17 16:16:07');
INSERT INTO `media` (`id`, `user_id`, `media_types_id`, `file_name`, `file_size`, `created_at`) VALUES ('15', '41', 1, 'aspernatur', '74259', '1994-11-18 21:17:01');
INSERT INTO `media` (`id`, `user_id`, `media_types_id`, `file_name`, `file_size`, `created_at`) VALUES ('16', '81', 3, 'quia', '4208', '1997-08-22 17:17:37');
INSERT INTO `media` (`id`, `user_id`, `media_types_id`, `file_name`, `file_size`, `created_at`) VALUES ('17', '71', 2, 'vel', '3813980', '1998-02-01 03:19:30');
INSERT INTO `media` (`id`, `user_id`, `media_types_id`, `file_name`, `file_size`, `created_at`) VALUES ('18', '38', 1, 'ut', '754333234', '1987-10-26 22:51:57');
INSERT INTO `media` (`id`, `user_id`, `media_types_id`, `file_name`, `file_size`, `created_at`) VALUES ('19', '84', 4, 'expedita', '0', '1984-12-30 10:11:51');
INSERT INTO `media` (`id`, `user_id`, `media_types_id`, `file_name`, `file_size`, `created_at`) VALUES ('20', '20', 3, 'eaque', '891590', '1989-10-15 20:31:19');
INSERT INTO `media` (`id`, `user_id`, `media_types_id`, `file_name`, `file_size`, `created_at`) VALUES ('21', '71', 2, 'illo', '713023', '2012-09-30 05:05:46');
INSERT INTO `media` (`id`, `user_id`, `media_types_id`, `file_name`, `file_size`, `created_at`) VALUES ('22', '46', 3, 'voluptas', '70', '2017-02-17 20:10:19');
INSERT INTO `media` (`id`, `user_id`, `media_types_id`, `file_name`, `file_size`, `created_at`) VALUES ('23', '45', 4, 'est', '70787911', '1977-11-30 16:36:23');
INSERT INTO `media` (`id`, `user_id`, `media_types_id`, `file_name`, `file_size`, `created_at`) VALUES ('24', '100', 3, 'quo', '76367004', '1975-06-08 16:13:57');
INSERT INTO `media` (`id`, `user_id`, `media_types_id`, `file_name`, `file_size`, `created_at`) VALUES ('25', '32', 3, 'officia', '528298', '2010-05-20 14:56:34');
INSERT INTO `media` (`id`, `user_id`, `media_types_id`, `file_name`, `file_size`, `created_at`) VALUES ('26', '83', 1, 'at', '175', '2000-02-11 20:16:19');
INSERT INTO `media` (`id`, `user_id`, `media_types_id`, `file_name`, `file_size`, `created_at`) VALUES ('27', '67', 4, 'veritatis', '17214', '1975-06-17 19:43:45');
INSERT INTO `media` (`id`, `user_id`, `media_types_id`, `file_name`, `file_size`, `created_at`) VALUES ('28', '90', 1, 'beatae', '520466364', '1988-01-19 08:55:14');
INSERT INTO `media` (`id`, `user_id`, `media_types_id`, `file_name`, `file_size`, `created_at`) VALUES ('29', '54', 1, 'architecto', '54811', '2008-12-10 05:33:36');
INSERT INTO `media` (`id`, `user_id`, `media_types_id`, `file_name`, `file_size`, `created_at`) VALUES ('30', '64', 4, 'odit', '34006', '1993-04-01 06:56:11');
INSERT INTO `media` (`id`, `user_id`, `media_types_id`, `file_name`, `file_size`, `created_at`) VALUES ('31', '26', 2, 'amet', '569236', '2019-09-11 21:51:15');
INSERT INTO `media` (`id`, `user_id`, `media_types_id`, `file_name`, `file_size`, `created_at`) VALUES ('32', '66', 4, 'pariatur', '546', '1970-03-09 02:24:54');
INSERT INTO `media` (`id`, `user_id`, `media_types_id`, `file_name`, `file_size`, `created_at`) VALUES ('33', '70', 1, 'ut', '84909680', '1971-01-25 01:44:32');
INSERT INTO `media` (`id`, `user_id`, `media_types_id`, `file_name`, `file_size`, `created_at`) VALUES ('34', '13', 3, 'nihil', '63', '1997-12-15 17:39:45');
INSERT INTO `media` (`id`, `user_id`, `media_types_id`, `file_name`, `file_size`, `created_at`) VALUES ('35', '87', 2, 'veniam', '84', '2003-02-01 18:12:45');
INSERT INTO `media` (`id`, `user_id`, `media_types_id`, `file_name`, `file_size`, `created_at`) VALUES ('36', '4', 3, 'id', '77411', '1986-07-03 07:54:54');
INSERT INTO `media` (`id`, `user_id`, `media_types_id`, `file_name`, `file_size`, `created_at`) VALUES ('37', '81', 2, 'nesciunt', '15', '1977-07-09 20:03:58');
INSERT INTO `media` (`id`, `user_id`, `media_types_id`, `file_name`, `file_size`, `created_at`) VALUES ('38', '26', 2, 'aut', '7726', '1989-06-24 08:00:19');
INSERT INTO `media` (`id`, `user_id`, `media_types_id`, `file_name`, `file_size`, `created_at`) VALUES ('39', '39', 1, 'in', '667725', '1977-12-17 16:13:58');
INSERT INTO `media` (`id`, `user_id`, `media_types_id`, `file_name`, `file_size`, `created_at`) VALUES ('40', '82', 3, 'perferendis', '94756666', '1983-03-01 07:17:45');
INSERT INTO `media` (`id`, `user_id`, `media_types_id`, `file_name`, `file_size`, `created_at`) VALUES ('41', '79', 3, 'placeat', '102', '1978-07-03 23:08:14');
INSERT INTO `media` (`id`, `user_id`, `media_types_id`, `file_name`, `file_size`, `created_at`) VALUES ('42', '74', 2, 'hic', '9', '2020-02-09 11:59:12');
INSERT INTO `media` (`id`, `user_id`, `media_types_id`, `file_name`, `file_size`, `created_at`) VALUES ('43', '47', 3, 'hic', '301151', '1990-02-09 14:47:07');
INSERT INTO `media` (`id`, `user_id`, `media_types_id`, `file_name`, `file_size`, `created_at`) VALUES ('44', '52', 4, 'minima', '9197', '2004-10-04 08:26:07');
INSERT INTO `media` (`id`, `user_id`, `media_types_id`, `file_name`, `file_size`, `created_at`) VALUES ('45', '78', 1, 'reprehenderit', '58287479', '2007-01-07 07:06:50');
INSERT INTO `media` (`id`, `user_id`, `media_types_id`, `file_name`, `file_size`, `created_at`) VALUES ('46', '94', 1, 'est', '58', '1986-03-11 05:19:15');
INSERT INTO `media` (`id`, `user_id`, `media_types_id`, `file_name`, `file_size`, `created_at`) VALUES ('47', '60', 3, 'molestiae', '59585228', '1999-06-01 07:56:15');
INSERT INTO `media` (`id`, `user_id`, `media_types_id`, `file_name`, `file_size`, `created_at`) VALUES ('48', '100', 2, 'et', '0', '1984-10-10 08:13:05');
INSERT INTO `media` (`id`, `user_id`, `media_types_id`, `file_name`, `file_size`, `created_at`) VALUES ('49', '63', 1, 'qui', '412731', '2009-08-24 03:42:25');
INSERT INTO `media` (`id`, `user_id`, `media_types_id`, `file_name`, `file_size`, `created_at`) VALUES ('50', '82', 2, 'dolor', '85551083', '2012-07-21 22:30:27');
INSERT INTO `media` (`id`, `user_id`, `media_types_id`, `file_name`, `file_size`, `created_at`) VALUES ('51', '44', 4, 'minima', '76284', '1986-10-12 09:14:39');
INSERT INTO `media` (`id`, `user_id`, `media_types_id`, `file_name`, `file_size`, `created_at`) VALUES ('52', '7', 1, 'ab', '0', '1985-03-12 02:54:34');
INSERT INTO `media` (`id`, `user_id`, `media_types_id`, `file_name`, `file_size`, `created_at`) VALUES ('53', '34', 2, 'similique', '7998', '1982-10-19 20:58:15');
INSERT INTO `media` (`id`, `user_id`, `media_types_id`, `file_name`, `file_size`, `created_at`) VALUES ('54', '50', 3, 'sunt', '31', '1996-01-23 13:03:46');
INSERT INTO `media` (`id`, `user_id`, `media_types_id`, `file_name`, `file_size`, `created_at`) VALUES ('55', '56', 2, 'vero', '692', '1987-12-14 17:24:33');
INSERT INTO `media` (`id`, `user_id`, `media_types_id`, `file_name`, `file_size`, `created_at`) VALUES ('56', '42', 2, 'quo', '62', '1989-11-26 04:08:37');
INSERT INTO `media` (`id`, `user_id`, `media_types_id`, `file_name`, `file_size`, `created_at`) VALUES ('57', '96', 1, 'voluptatibus', '9', '2005-01-06 22:35:29');
INSERT INTO `media` (`id`, `user_id`, `media_types_id`, `file_name`, `file_size`, `created_at`) VALUES ('58', '80', 2, 'excepturi', '2', '2002-01-14 00:29:56');
INSERT INTO `media` (`id`, `user_id`, `media_types_id`, `file_name`, `file_size`, `created_at`) VALUES ('59', '79', 2, 'et', '291959727', '1999-05-06 18:13:23');
INSERT INTO `media` (`id`, `user_id`, `media_types_id`, `file_name`, `file_size`, `created_at`) VALUES ('60', '42', 3, 'id', '43', '2000-10-06 16:34:26');
INSERT INTO `media` (`id`, `user_id`, `media_types_id`, `file_name`, `file_size`, `created_at`) VALUES ('61', '47', 2, 'aliquam', '91114', '1984-01-11 20:53:45');
INSERT INTO `media` (`id`, `user_id`, `media_types_id`, `file_name`, `file_size`, `created_at`) VALUES ('62', '60', 1, 'unde', '1455', '1981-03-28 02:48:47');
INSERT INTO `media` (`id`, `user_id`, `media_types_id`, `file_name`, `file_size`, `created_at`) VALUES ('63', '96', 3, 'officiis', '751', '2013-09-08 21:52:47');
INSERT INTO `media` (`id`, `user_id`, `media_types_id`, `file_name`, `file_size`, `created_at`) VALUES ('64', '35', 3, 'excepturi', '0', '1971-12-09 22:52:05');
INSERT INTO `media` (`id`, `user_id`, `media_types_id`, `file_name`, `file_size`, `created_at`) VALUES ('65', '71', 1, 'est', '1', '1985-12-29 08:56:59');
INSERT INTO `media` (`id`, `user_id`, `media_types_id`, `file_name`, `file_size`, `created_at`) VALUES ('66', '7', 1, 'quis', '7', '2006-08-01 13:49:44');
INSERT INTO `media` (`id`, `user_id`, `media_types_id`, `file_name`, `file_size`, `created_at`) VALUES ('67', '1', 1, 'unde', '2', '1992-01-29 21:42:49');
INSERT INTO `media` (`id`, `user_id`, `media_types_id`, `file_name`, `file_size`, `created_at`) VALUES ('68', '39', 2, 'sed', '35', '1977-08-21 01:43:44');
INSERT INTO `media` (`id`, `user_id`, `media_types_id`, `file_name`, `file_size`, `created_at`) VALUES ('69', '45', 4, 'vel', '3', '2011-05-06 21:09:25');
INSERT INTO `media` (`id`, `user_id`, `media_types_id`, `file_name`, `file_size`, `created_at`) VALUES ('70', '7', 1, 'optio', '904', '2016-02-17 23:48:33');
INSERT INTO `media` (`id`, `user_id`, `media_types_id`, `file_name`, `file_size`, `created_at`) VALUES ('71', '20', 2, 'odit', '5831', '2019-09-12 08:00:49');
INSERT INTO `media` (`id`, `user_id`, `media_types_id`, `file_name`, `file_size`, `created_at`) VALUES ('72', '35', 1, 'quisquam', '8', '1992-03-13 11:52:43');
INSERT INTO `media` (`id`, `user_id`, `media_types_id`, `file_name`, `file_size`, `created_at`) VALUES ('73', '63', 1, 'culpa', '49549', '2007-01-27 16:28:53');
INSERT INTO `media` (`id`, `user_id`, `media_types_id`, `file_name`, `file_size`, `created_at`) VALUES ('74', '57', 2, 'cumque', '32', '1986-02-11 06:16:15');
INSERT INTO `media` (`id`, `user_id`, `media_types_id`, `file_name`, `file_size`, `created_at`) VALUES ('75', '46', 4, 'natus', '416', '2019-11-19 12:47:14');
INSERT INTO `media` (`id`, `user_id`, `media_types_id`, `file_name`, `file_size`, `created_at`) VALUES ('76', '98', 4, 'recusandae', '637140', '1972-10-02 13:43:51');
INSERT INTO `media` (`id`, `user_id`, `media_types_id`, `file_name`, `file_size`, `created_at`) VALUES ('77', '33', 3, 'cum', '9', '1995-09-06 11:12:12');
INSERT INTO `media` (`id`, `user_id`, `media_types_id`, `file_name`, `file_size`, `created_at`) VALUES ('78', '98', 2, 'nemo', '7795', '2019-01-08 17:02:25');
INSERT INTO `media` (`id`, `user_id`, `media_types_id`, `file_name`, `file_size`, `created_at`) VALUES ('79', '17', 2, 'soluta', '99288', '1996-11-20 06:23:07');
INSERT INTO `media` (`id`, `user_id`, `media_types_id`, `file_name`, `file_size`, `created_at`) VALUES ('80', '86', 4, 'quibusdam', '46044593', '2019-11-15 09:53:08');
INSERT INTO `media` (`id`, `user_id`, `media_types_id`, `file_name`, `file_size`, `created_at`) VALUES ('81', '47', 4, 'quidem', '2686', '1977-11-25 18:25:50');
INSERT INTO `media` (`id`, `user_id`, `media_types_id`, `file_name`, `file_size`, `created_at`) VALUES ('82', '2', 2, 'qui', '4', '1979-11-08 18:42:20');
INSERT INTO `media` (`id`, `user_id`, `media_types_id`, `file_name`, `file_size`, `created_at`) VALUES ('83', '6', 2, 'ipsa', '0', '1989-12-03 08:01:15');
INSERT INTO `media` (`id`, `user_id`, `media_types_id`, `file_name`, `file_size`, `created_at`) VALUES ('84', '83', 3, 'facilis', '321377', '2008-04-14 01:26:59');
INSERT INTO `media` (`id`, `user_id`, `media_types_id`, `file_name`, `file_size`, `created_at`) VALUES ('85', '29', 4, 'quia', '994', '2014-06-22 19:23:57');
INSERT INTO `media` (`id`, `user_id`, `media_types_id`, `file_name`, `file_size`, `created_at`) VALUES ('86', '52', 2, 'quia', '0', '1995-05-07 14:05:24');
INSERT INTO `media` (`id`, `user_id`, `media_types_id`, `file_name`, `file_size`, `created_at`) VALUES ('87', '36', 4, 'incidunt', '425690876', '2005-12-14 17:31:35');
INSERT INTO `media` (`id`, `user_id`, `media_types_id`, `file_name`, `file_size`, `created_at`) VALUES ('88', '63', 4, 'ducimus', '6983', '1989-12-09 05:44:01');
INSERT INTO `media` (`id`, `user_id`, `media_types_id`, `file_name`, `file_size`, `created_at`) VALUES ('89', '1', 1, 'molestias', '40260', '1986-05-24 16:44:20');
INSERT INTO `media` (`id`, `user_id`, `media_types_id`, `file_name`, `file_size`, `created_at`) VALUES ('90', '39', 2, 'corrupti', '98808864', '1975-05-22 10:44:01');
INSERT INTO `media` (`id`, `user_id`, `media_types_id`, `file_name`, `file_size`, `created_at`) VALUES ('91', '17', 2, 'pariatur', '40598310', '1998-05-24 23:24:21');
INSERT INTO `media` (`id`, `user_id`, `media_types_id`, `file_name`, `file_size`, `created_at`) VALUES ('92', '38', 2, 'voluptas', '2', '1990-03-13 04:27:39');
INSERT INTO `media` (`id`, `user_id`, `media_types_id`, `file_name`, `file_size`, `created_at`) VALUES ('93', '94', 2, 'quo', '0', '1980-07-28 01:21:38');
INSERT INTO `media` (`id`, `user_id`, `media_types_id`, `file_name`, `file_size`, `created_at`) VALUES ('94', '78', 1, 'sunt', '753', '1972-12-11 03:09:31');
INSERT INTO `media` (`id`, `user_id`, `media_types_id`, `file_name`, `file_size`, `created_at`) VALUES ('95', '66', 3, 'nam', '5408846', '1974-06-23 15:25:48');
INSERT INTO `media` (`id`, `user_id`, `media_types_id`, `file_name`, `file_size`, `created_at`) VALUES ('96', '98', 1, 'veniam', '262', '2012-11-27 04:41:29');
INSERT INTO `media` (`id`, `user_id`, `media_types_id`, `file_name`, `file_size`, `created_at`) VALUES ('97', '55', 4, 'dolores', '800680482', '2005-04-25 11:56:28');
INSERT INTO `media` (`id`, `user_id`, `media_types_id`, `file_name`, `file_size`, `created_at`) VALUES ('98', '61', 3, 'et', '243', '2008-10-27 23:01:40');
INSERT INTO `media` (`id`, `user_id`, `media_types_id`, `file_name`, `file_size`, `created_at`) VALUES ('99', '40', 2, 'omnis', '61', '1970-08-30 00:42:36');
INSERT INTO `media` (`id`, `user_id`, `media_types_id`, `file_name`, `file_size`, `created_at`) VALUES ('100', '12', 3, 'minima', '30661785', '2002-01-24 06:54:56');


#
# TABLE STRUCTURE FOR: media_types
#

DROP TABLE IF EXISTS `media_types`;

CREATE TABLE `media_types` (
  `id` int(10) unsigned NOT NULL AUTO_INCREMENT,
  `name` varchar(45) COLLATE utf8mb4_unicode_ci NOT NULL,
  PRIMARY KEY (`id`),
  UNIQUE KEY `name` (`name`)
) ENGINE=InnoDB AUTO_INCREMENT=5 DEFAULT CHARSET=utf8mb4 COLLATE=utf8mb4_unicode_ci;

INSERT INTO `media_types` (`id`, `name`) VALUES (1, 'amet');
INSERT INTO `media_types` (`id`, `name`) VALUES (4, 'eaque');
INSERT INTO `media_types` (`id`, `name`) VALUES (2, 'eum');
INSERT INTO `media_types` (`id`, `name`) VALUES (3, 'voluptatum');


#
# TABLE STRUCTURE FOR: messages
#

DROP TABLE IF EXISTS `messages`;

CREATE TABLE `messages` (
  `id` bigint(20) unsigned NOT NULL AUTO_INCREMENT,
  `from_user_id` bigint(20) unsigned NOT NULL,
  `to_user_id` bigint(20) unsigned NOT NULL,
  `txt` text COLLATE utf8mb4_unicode_ci NOT NULL,
  `is_delivered` tinyint(1) DEFAULT 0,
  `created_at` datetime NOT NULL DEFAULT current_timestamp(),
  `update_at` datetime DEFAULT NULL ON UPDATE current_timestamp(),
  PRIMARY KEY (`id`),
  KEY `fk_messages_from_user_idx` (`from_user_id`),
  KEY `fk_messages_to_user_idx` (`to_user_id`),
  CONSTRAINT `fk_messages_users_1` FOREIGN KEY (`from_user_id`) REFERENCES `users` (`id`),
  CONSTRAINT `fk_messages_users_2` FOREIGN KEY (`to_user_id`) REFERENCES `users` (`id`)
) ENGINE=InnoDB AUTO_INCREMENT=601 DEFAULT CHARSET=utf8mb4 COLLATE=utf8mb4_unicode_ci;

INSERT INTO `messages` (`id`, `from_user_id`, `to_user_id`, `txt`, `is_delivered`, `created_at`, `update_at`) VALUES ('1', '94', '13', 'Rerum amet sequi vel. Ipsam eius ut quae qui et repellat. Sunt voluptate officia dolorum aliquam itaque neque. Perspiciatis nihil qui vel doloremque dolorum.', 1, '1998-07-16 00:15:10', '2012-02-29 22:09:52');
INSERT INTO `messages` (`id`, `from_user_id`, `to_user_id`, `txt`, `is_delivered`, `created_at`, `update_at`) VALUES ('2', '65', '49', 'Sit tenetur eum nisi neque quidem qui. Sit corporis facilis eos quaerat praesentium in tempora. Unde quam voluptatibus corporis iusto aut sapiente. Ut cupiditate dolorem excepturi sed dicta rerum unde.', 1, '2011-02-20 23:18:37', '1992-04-15 00:19:11');
INSERT INTO `messages` (`id`, `from_user_id`, `to_user_id`, `txt`, `is_delivered`, `created_at`, `update_at`) VALUES ('3', '15', '30', 'Aut cumque deserunt deleniti. Recusandae labore cupiditate aut et. Ut ex et numquam et.', 1, '2005-12-08 10:16:14', '1994-04-10 04:33:05');
INSERT INTO `messages` (`id`, `from_user_id`, `to_user_id`, `txt`, `is_delivered`, `created_at`, `update_at`) VALUES ('4', '92', '87', 'Magnam asperiores suscipit error ea est dolor. Hic velit voluptas omnis necessitatibus. At dolorem quidem atque culpa repellat voluptatum.', 1, '2019-07-24 04:48:21', '2018-04-09 15:00:23');
INSERT INTO `messages` (`id`, `from_user_id`, `to_user_id`, `txt`, `is_delivered`, `created_at`, `update_at`) VALUES ('5', '31', '45', 'Voluptatem blanditiis natus ut quia. Repudiandae architecto eligendi repellat ducimus corrupti animi necessitatibus. Inventore et voluptas voluptatum.', 1, '2004-02-25 06:19:15', '1977-09-14 08:41:17');
INSERT INTO `messages` (`id`, `from_user_id`, `to_user_id`, `txt`, `is_delivered`, `created_at`, `update_at`) VALUES ('6', '39', '8', 'Sequi ut vel rem voluptatem. Enim et et eligendi ipsam voluptate doloribus. Incidunt sapiente explicabo aut voluptatem fugiat et voluptate. Praesentium autem est nobis vel tempora architecto.', 0, '2017-09-24 23:56:23', '2002-11-29 15:54:00');
INSERT INTO `messages` (`id`, `from_user_id`, `to_user_id`, `txt`, `is_delivered`, `created_at`, `update_at`) VALUES ('7', '53', '11', 'Nisi asperiores reprehenderit quasi. Rem inventore corrupti qui molestiae debitis ipsum dolorem. Ducimus in earum ut qui distinctio voluptatem voluptas. Qui et est atque. Dolorem dolorem tempora iure officiis.', 1, '1976-08-06 02:49:06', '1978-06-02 17:09:56');
INSERT INTO `messages` (`id`, `from_user_id`, `to_user_id`, `txt`, `is_delivered`, `created_at`, `update_at`) VALUES ('8', '44', '43', 'Accusamus doloremque natus nulla omnis fugiat architecto quos. Ipsum perferendis odit recusandae enim aut esse suscipit. Ab molestiae qui vel qui vel.', 1, '1983-03-15 16:10:19', '1992-01-17 09:27:30');
INSERT INTO `messages` (`id`, `from_user_id`, `to_user_id`, `txt`, `is_delivered`, `created_at`, `update_at`) VALUES ('9', '62', '53', 'Eos et numquam sapiente ducimus. Quis vel officia voluptatem magnam non cum enim provident. Est hic vel nostrum temporibus. Sit ipsam voluptas iusto aut. Quod harum corporis quia voluptas quasi voluptatum quia sint.', 0, '1989-09-10 23:19:10', '1986-08-29 18:51:43');
INSERT INTO `messages` (`id`, `from_user_id`, `to_user_id`, `txt`, `is_delivered`, `created_at`, `update_at`) VALUES ('10', '51', '54', 'Sed labore sit molestiae labore aut. Consequatur architecto unde nihil. Odio consequuntur aut necessitatibus eum iure. Est illum quia eos ut et et.', 0, '1979-08-25 15:25:14', '1979-08-24 16:56:13');
INSERT INTO `messages` (`id`, `from_user_id`, `to_user_id`, `txt`, `is_delivered`, `created_at`, `update_at`) VALUES ('11', '23', '72', 'Alias natus aut laudantium dolorem tempora. Cum sit aut molestiae consectetur. Natus magnam perferendis nobis.', 1, '2006-01-08 05:05:57', '2000-04-11 07:30:55');
INSERT INTO `messages` (`id`, `from_user_id`, `to_user_id`, `txt`, `is_delivered`, `created_at`, `update_at`) VALUES ('12', '53', '52', 'Distinctio delectus quo vero omnis et vel nulla. Porro nam esse aut id. Et aut blanditiis voluptas earum sequi.', 1, '2016-03-22 08:27:52', '2008-03-28 04:11:06');
INSERT INTO `messages` (`id`, `from_user_id`, `to_user_id`, `txt`, `is_delivered`, `created_at`, `update_at`) VALUES ('13', '86', '47', 'Deserunt quisquam est aut eveniet sint. In sed consequatur dolorem corporis in dolorem molestiae. Blanditiis odit mollitia voluptate unde. Iusto asperiores impedit ut unde qui sed earum.', 0, '2019-11-14 07:29:26', '1994-11-22 03:46:06');
INSERT INTO `messages` (`id`, `from_user_id`, `to_user_id`, `txt`, `is_delivered`, `created_at`, `update_at`) VALUES ('14', '47', '4', 'Voluptas cumque quisquam id praesentium quos. Ut minima qui laboriosam totam facere sunt. Laboriosam excepturi harum quia quidem.', 0, '2013-03-09 12:16:17', '1991-05-18 00:00:29');
INSERT INTO `messages` (`id`, `from_user_id`, `to_user_id`, `txt`, `is_delivered`, `created_at`, `update_at`) VALUES ('15', '56', '62', 'Dolor exercitationem dolores libero. Officia aliquam qui voluptatum aliquid. Velit ut est ratione numquam. Cumque sit exercitationem reprehenderit veniam est aperiam dicta natus.', 0, '1972-07-10 13:51:42', '1988-03-11 06:12:58');
INSERT INTO `messages` (`id`, `from_user_id`, `to_user_id`, `txt`, `is_delivered`, `created_at`, `update_at`) VALUES ('16', '32', '49', 'Veniam id neque fuga qui quaerat molestiae incidunt fugiat. Temporibus in qui aut ut sit ut. Et ex ducimus amet omnis maxime accusamus aspernatur. Doloremque omnis blanditiis qui laborum id ab.', 1, '1981-10-08 23:12:33', '2002-01-13 05:39:53');
INSERT INTO `messages` (`id`, `from_user_id`, `to_user_id`, `txt`, `is_delivered`, `created_at`, `update_at`) VALUES ('17', '74', '97', 'Omnis eos eos modi sed alias dolorum qui. Nobis earum vero nobis. Doloremque molestias facere quo corporis eum enim ea. Veritatis maxime qui quis ea sapiente sapiente aut.', 1, '2002-09-24 16:00:19', '1997-03-13 14:59:48');
INSERT INTO `messages` (`id`, `from_user_id`, `to_user_id`, `txt`, `is_delivered`, `created_at`, `update_at`) VALUES ('18', '98', '88', 'Exercitationem aut accusamus temporibus facilis. Maxime quia voluptas eaque sequi sit illo.', 0, '2001-03-09 22:12:14', '1976-05-18 06:48:39');
INSERT INTO `messages` (`id`, `from_user_id`, `to_user_id`, `txt`, `is_delivered`, `created_at`, `update_at`) VALUES ('19', '26', '89', 'Dolorem qui accusantium adipisci ut. Hic modi libero ut saepe eum. Numquam laborum illo occaecati delectus aspernatur est. Non nulla non provident animi sapiente aut fuga qui.', 0, '1975-03-18 03:55:50', '2017-09-10 22:06:41');
INSERT INTO `messages` (`id`, `from_user_id`, `to_user_id`, `txt`, `is_delivered`, `created_at`, `update_at`) VALUES ('20', '75', '57', 'Deleniti in necessitatibus veniam deserunt ea et. Magnam ipsa doloribus et sit. Architecto sequi natus omnis animi nostrum voluptas impedit sint. Sit nulla eum odio modi.', 1, '2002-02-02 20:51:07', '1978-04-11 15:17:15');
INSERT INTO `messages` (`id`, `from_user_id`, `to_user_id`, `txt`, `is_delivered`, `created_at`, `update_at`) VALUES ('21', '33', '13', 'Eius alias doloribus neque maxime. Similique occaecati quo beatae veritatis sed tempore. Omnis natus ea velit tempore eveniet.', 1, '2008-09-16 08:45:36', '1979-01-08 05:01:54');
INSERT INTO `messages` (`id`, `from_user_id`, `to_user_id`, `txt`, `is_delivered`, `created_at`, `update_at`) VALUES ('22', '64', '86', 'Exercitationem reprehenderit iste commodi quaerat. Quis sit fugit rerum eaque. Et consequatur at tempora dolore.', 0, '1978-05-04 03:13:52', '1985-06-14 06:33:07');
INSERT INTO `messages` (`id`, `from_user_id`, `to_user_id`, `txt`, `is_delivered`, `created_at`, `update_at`) VALUES ('23', '23', '7', 'Quos neque amet accusantium voluptates tempore provident. Quis unde quod quia maxime veritatis dolore. Voluptas voluptatem qui similique qui. Magnam nulla explicabo molestiae voluptatibus aut rerum dolorum.', 1, '2009-08-08 23:04:37', '1990-08-13 14:14:33');
INSERT INTO `messages` (`id`, `from_user_id`, `to_user_id`, `txt`, `is_delivered`, `created_at`, `update_at`) VALUES ('24', '28', '85', 'Quia distinctio soluta quisquam incidunt corrupti provident voluptas. Ut possimus deserunt ab non consequuntur facilis. Nesciunt nihil officiis ullam culpa. Odio tenetur consequatur corrupti voluptatum eius quas dicta.', 1, '2007-02-01 00:02:45', '2014-08-06 16:18:53');
INSERT INTO `messages` (`id`, `from_user_id`, `to_user_id`, `txt`, `is_delivered`, `created_at`, `update_at`) VALUES ('25', '60', '78', 'Voluptatibus odit odio magnam assumenda expedita cumque quia dolorem. Eum pariatur quas eveniet quisquam ea corporis.', 1, '2014-01-24 10:33:38', '2012-07-31 20:18:05');
INSERT INTO `messages` (`id`, `from_user_id`, `to_user_id`, `txt`, `is_delivered`, `created_at`, `update_at`) VALUES ('26', '38', '82', 'Eum vero et ipsam qui est quia. Dolore id minima error sit quisquam molestiae accusantium. Odit delectus aperiam minus quis modi minus veritatis. Ea modi nihil perspiciatis reprehenderit velit error.', 0, '2001-05-29 12:00:53', '1979-12-26 13:09:17');
INSERT INTO `messages` (`id`, `from_user_id`, `to_user_id`, `txt`, `is_delivered`, `created_at`, `update_at`) VALUES ('27', '49', '91', 'Tempore magni voluptatibus rem porro eos repellendus. Blanditiis recusandae autem architecto ipsum sit incidunt. Voluptatum fuga ratione error et recusandae velit quia.', 0, '1979-06-26 09:26:53', '1993-03-17 17:39:57');
INSERT INTO `messages` (`id`, `from_user_id`, `to_user_id`, `txt`, `is_delivered`, `created_at`, `update_at`) VALUES ('28', '33', '34', 'Nihil excepturi non necessitatibus vel accusantium. Ea ad voluptatum magni laboriosam. Labore neque nam aperiam ullam ab. Voluptates fuga rem ad praesentium consequatur.', 1, '1990-04-09 19:20:58', '2004-10-24 03:16:22');
INSERT INTO `messages` (`id`, `from_user_id`, `to_user_id`, `txt`, `is_delivered`, `created_at`, `update_at`) VALUES ('29', '38', '80', 'Cumque sit quos in quae. Doloremque consequatur fugit ipsum voluptatem. Doloribus eos minus amet possimus.', 0, '2014-12-23 23:43:35', '1996-03-10 01:48:19');
INSERT INTO `messages` (`id`, `from_user_id`, `to_user_id`, `txt`, `is_delivered`, `created_at`, `update_at`) VALUES ('30', '38', '93', 'Optio qui eos at ipsum. Sunt soluta fuga est labore. Sequi praesentium et inventore. Magnam ut aut consequatur similique voluptate.', 0, '1985-10-28 01:05:01', '1989-09-28 06:04:07');
INSERT INTO `messages` (`id`, `from_user_id`, `to_user_id`, `txt`, `is_delivered`, `created_at`, `update_at`) VALUES ('31', '41', '70', 'Minima blanditiis sit hic est aliquam modi ullam. Similique ducimus in mollitia porro dolorum mollitia minus. Cupiditate in quidem cum maxime.', 0, '1983-01-11 14:24:41', '1995-02-17 09:00:06');
INSERT INTO `messages` (`id`, `from_user_id`, `to_user_id`, `txt`, `is_delivered`, `created_at`, `update_at`) VALUES ('32', '42', '14', 'Architecto sed adipisci id optio aperiam. Impedit ut pariatur eos commodi omnis ut. Nemo quis laboriosam voluptatem provident. Asperiores veritatis veritatis et expedita autem modi vel. Dolorem aperiam vel quia ea sunt voluptates rerum illo.', 1, '2002-12-01 21:34:51', '1982-10-30 04:06:33');
INSERT INTO `messages` (`id`, `from_user_id`, `to_user_id`, `txt`, `is_delivered`, `created_at`, `update_at`) VALUES ('33', '66', '39', 'Aut ea qui quod quia sunt ut. Sed fugiat ipsam adipisci suscipit placeat earum quibusdam. Laudantium facere repudiandae vel et consectetur optio earum. Optio neque sint est deserunt quod mollitia.', 1, '1987-09-14 17:14:57', '1986-03-06 13:45:15');
INSERT INTO `messages` (`id`, `from_user_id`, `to_user_id`, `txt`, `is_delivered`, `created_at`, `update_at`) VALUES ('34', '2', '91', 'Nulla veritatis quas sunt molestias quae ut. Voluptas nam voluptates et laborum id pariatur nisi voluptas. Omnis voluptate vel ea placeat eligendi.', 1, '2003-01-09 23:53:38', '2021-03-14 12:49:00');
INSERT INTO `messages` (`id`, `from_user_id`, `to_user_id`, `txt`, `is_delivered`, `created_at`, `update_at`) VALUES ('35', '28', '76', 'Eligendi esse est dolore. Mollitia minus impedit tempora facere. Similique sed ipsum rerum voluptatem rerum quaerat ut perferendis. Dolores qui aut modi ut quis qui distinctio labore.', 0, '2003-01-13 09:09:45', '1999-12-23 19:45:25');
INSERT INTO `messages` (`id`, `from_user_id`, `to_user_id`, `txt`, `is_delivered`, `created_at`, `update_at`) VALUES ('36', '47', '61', 'Tenetur quidem eligendi consectetur aperiam ipsum repellat. Animi et maxime qui molestias sit dignissimos voluptas.', 1, '1989-10-20 14:40:43', '2006-01-17 19:50:25');
INSERT INTO `messages` (`id`, `from_user_id`, `to_user_id`, `txt`, `is_delivered`, `created_at`, `update_at`) VALUES ('37', '89', '10', 'Est et excepturi exercitationem sit maiores nesciunt quisquam est. Suscipit ratione doloribus atque doloribus. Reiciendis praesentium doloribus consequatur aperiam nostrum expedita dolores maxime.', 0, '2004-01-02 04:51:53', '2012-01-18 12:56:25');
INSERT INTO `messages` (`id`, `from_user_id`, `to_user_id`, `txt`, `is_delivered`, `created_at`, `update_at`) VALUES ('38', '46', '12', 'Reprehenderit corrupti velit ullam est iure delectus non qui. Laborum quis perspiciatis aspernatur eligendi quia vel sapiente. Animi sit aut ratione dicta. Dolorem illo quo consequatur et laudantium provident cupiditate aut.', 0, '2004-04-24 20:41:13', '2018-02-01 23:38:26');
INSERT INTO `messages` (`id`, `from_user_id`, `to_user_id`, `txt`, `is_delivered`, `created_at`, `update_at`) VALUES ('39', '17', '73', 'Deleniti placeat sit numquam non eligendi quis aliquid. Omnis laudantium veniam ab. Qui eos voluptas soluta est laudantium alias.', 1, '1986-10-20 19:09:01', '1999-11-02 01:44:00');
INSERT INTO `messages` (`id`, `from_user_id`, `to_user_id`, `txt`, `is_delivered`, `created_at`, `update_at`) VALUES ('40', '97', '76', 'Similique et vel voluptas ducimus praesentium. Consectetur quia rerum dolorem culpa corrupti nihil quia velit. Voluptatibus nostrum excepturi quo quas soluta et doloremque.', 0, '1989-10-21 16:19:43', '1991-06-07 00:01:49');
INSERT INTO `messages` (`id`, `from_user_id`, `to_user_id`, `txt`, `is_delivered`, `created_at`, `update_at`) VALUES ('41', '51', '34', 'Et voluptatem consequatur aut quae vero. Quidem fuga id est reprehenderit sint corrupti. Accusamus autem illo voluptatibus corporis. Cum dolores et similique eos ad libero.', 1, '1990-07-14 23:38:12', '1973-10-08 01:28:37');
INSERT INTO `messages` (`id`, `from_user_id`, `to_user_id`, `txt`, `is_delivered`, `created_at`, `update_at`) VALUES ('42', '57', '100', 'Omnis sit vitae molestiae. Nostrum et cum architecto id maxime id. Et delectus aut atque et est qui. Autem voluptates autem sint aspernatur neque ea.', 0, '1989-04-01 20:36:55', '1970-11-02 08:18:10');
INSERT INTO `messages` (`id`, `from_user_id`, `to_user_id`, `txt`, `is_delivered`, `created_at`, `update_at`) VALUES ('43', '25', '90', 'Autem consequatur officia repellat dicta et. Excepturi aperiam voluptatem aut fuga ratione perferendis quidem. Delectus modi vero voluptatem aut.', 1, '2001-06-27 11:31:30', '1985-06-13 22:18:29');
INSERT INTO `messages` (`id`, `from_user_id`, `to_user_id`, `txt`, `is_delivered`, `created_at`, `update_at`) VALUES ('44', '34', '63', 'Ratione quae facilis nam iste in repellendus est. Ex quos et molestias in sed aut. Magni sed qui eum et quos repellendus.', 1, '2018-11-16 09:31:28', '1992-10-19 18:15:58');
INSERT INTO `messages` (`id`, `from_user_id`, `to_user_id`, `txt`, `is_delivered`, `created_at`, `update_at`) VALUES ('45', '69', '71', 'Qui voluptatum sed veritatis qui. Voluptas quia corporis doloribus sint quis numquam quod. Repellat omnis omnis quae sit nemo voluptatibus repellendus. Dolores nulla ut ut quidem placeat repudiandae.', 1, '1972-03-02 17:35:34', '1992-10-20 02:06:16');
INSERT INTO `messages` (`id`, `from_user_id`, `to_user_id`, `txt`, `is_delivered`, `created_at`, `update_at`) VALUES ('46', '56', '10', 'Consequatur qui libero iste est sunt minima. Esse molestiae aut non. Doloremque qui ex maiores dolores. Sed molestias qui assumenda voluptatem debitis.', 1, '1978-05-26 01:39:22', '1974-03-24 12:58:41');
INSERT INTO `messages` (`id`, `from_user_id`, `to_user_id`, `txt`, `is_delivered`, `created_at`, `update_at`) VALUES ('47', '40', '97', 'Voluptas atque sunt sit similique et qui. Non architecto velit rem in cumque. Aut voluptatem incidunt perspiciatis delectus quae nemo fugiat. Eos adipisci et omnis ipsum.', 1, '2013-07-26 16:01:05', '1981-12-06 06:03:27');
INSERT INTO `messages` (`id`, `from_user_id`, `to_user_id`, `txt`, `is_delivered`, `created_at`, `update_at`) VALUES ('48', '23', '5', 'Soluta dolores quo dolorum voluptatem. Consectetur hic nobis id aut. Est nulla ab et enim sint quasi possimus. Amet recusandae odio quasi autem et asperiores ipsa. Ut molestiae quis qui autem.', 0, '1985-08-25 06:21:40', '1978-12-17 19:24:38');
INSERT INTO `messages` (`id`, `from_user_id`, `to_user_id`, `txt`, `is_delivered`, `created_at`, `update_at`) VALUES ('49', '36', '25', 'Amet perferendis pariatur rerum rerum error est aliquid. Necessitatibus ut atque inventore aperiam nihil accusantium ipsum. Impedit sed ipsa fugit. Temporibus necessitatibus tempore ab omnis at est error.', 1, '1998-03-23 10:43:38', '1992-05-10 15:34:54');
INSERT INTO `messages` (`id`, `from_user_id`, `to_user_id`, `txt`, `is_delivered`, `created_at`, `update_at`) VALUES ('50', '96', '63', 'Facilis neque aut voluptas molestiae. Minima consequatur totam enim odio iure culpa et. Nulla ut sit quisquam saepe vel quis nesciunt.', 1, '1987-12-24 19:15:55', '2009-12-01 23:08:13');
INSERT INTO `messages` (`id`, `from_user_id`, `to_user_id`, `txt`, `is_delivered`, `created_at`, `update_at`) VALUES ('51', '100', '42', 'Cum et sed sit architecto. Quia est dolor suscipit. Delectus officiis quod deleniti est praesentium et. Voluptatem reprehenderit ea est iste incidunt vel aut. Quas alias facilis illum.', 0, '1985-03-06 06:56:26', '1970-12-07 19:46:54');
INSERT INTO `messages` (`id`, `from_user_id`, `to_user_id`, `txt`, `is_delivered`, `created_at`, `update_at`) VALUES ('52', '24', '89', 'Placeat libero natus dolores dolor ut sapiente molestiae. Qui quisquam molestias delectus nihil autem corporis voluptas. Ratione recusandae odit qui voluptatibus.', 1, '1994-12-25 09:17:45', '1981-05-15 21:22:01');
INSERT INTO `messages` (`id`, `from_user_id`, `to_user_id`, `txt`, `is_delivered`, `created_at`, `update_at`) VALUES ('53', '52', '69', 'Rerum sapiente et veniam provident. Quia ipsum sed nesciunt optio molestias voluptatem. Et illo sit expedita ipsam occaecati ex. Excepturi harum quae expedita occaecati quod labore.', 0, '1983-08-18 20:14:14', '1993-03-27 22:14:49');
INSERT INTO `messages` (`id`, `from_user_id`, `to_user_id`, `txt`, `is_delivered`, `created_at`, `update_at`) VALUES ('54', '100', '68', 'Consequatur sequi amet quae similique deleniti consequuntur. Veritatis quas possimus ea nihil minima dolore eos. Corporis natus laudantium unde quod sunt rerum consequatur. Cupiditate est et voluptas qui voluptas illum.', 1, '1985-06-12 07:00:08', '2011-12-08 00:20:35');
INSERT INTO `messages` (`id`, `from_user_id`, `to_user_id`, `txt`, `is_delivered`, `created_at`, `update_at`) VALUES ('55', '42', '97', 'Cupiditate perspiciatis qui aut non minus exercitationem. Nam est natus sit nesciunt. Provident dicta ut explicabo ex quos sequi.', 0, '1970-10-19 04:20:32', '1995-06-27 11:27:48');
INSERT INTO `messages` (`id`, `from_user_id`, `to_user_id`, `txt`, `is_delivered`, `created_at`, `update_at`) VALUES ('56', '43', '93', 'Totam eos molestias id quidem numquam. In illum voluptatum tenetur et ea exercitationem aut. Error delectus amet nihil. Ratione sequi aut officia dolor sunt.', 0, '1982-01-01 05:04:18', '1991-03-01 20:31:39');
INSERT INTO `messages` (`id`, `from_user_id`, `to_user_id`, `txt`, `is_delivered`, `created_at`, `update_at`) VALUES ('57', '31', '100', 'Provident asperiores sint earum soluta ut. Mollitia omnis error in sed. Sed consequuntur quia quo aut unde sint consequatur. Rerum in culpa placeat aliquid quis.', 0, '2011-12-24 20:49:33', '1983-07-02 17:25:44');
INSERT INTO `messages` (`id`, `from_user_id`, `to_user_id`, `txt`, `is_delivered`, `created_at`, `update_at`) VALUES ('58', '92', '55', 'In eum tempore velit impedit illum qui blanditiis id. Tempora quia occaecati ut esse doloribus.', 1, '2000-04-30 20:32:09', '2007-10-16 14:47:14');
INSERT INTO `messages` (`id`, `from_user_id`, `to_user_id`, `txt`, `is_delivered`, `created_at`, `update_at`) VALUES ('59', '90', '25', 'Quos aspernatur qui odio rem aut. Est fuga ratione tempora aut ut. Et iusto pariatur itaque dolor modi eum cum.', 0, '1981-08-29 14:12:18', '1985-01-18 15:37:00');
INSERT INTO `messages` (`id`, `from_user_id`, `to_user_id`, `txt`, `is_delivered`, `created_at`, `update_at`) VALUES ('60', '17', '59', 'Et suscipit sit quia a. Non distinctio consequuntur cumque et. Quis omnis soluta atque ratione praesentium.', 0, '1990-05-11 14:45:20', '2005-03-06 16:58:50');
INSERT INTO `messages` (`id`, `from_user_id`, `to_user_id`, `txt`, `is_delivered`, `created_at`, `update_at`) VALUES ('61', '96', '73', 'Libero ut aut ut et. Nam id voluptas non voluptatibus nihil ratione omnis. Aliquid laborum tempore quisquam non omnis culpa totam.', 0, '2008-05-07 02:24:24', '1984-07-03 19:32:31');
INSERT INTO `messages` (`id`, `from_user_id`, `to_user_id`, `txt`, `is_delivered`, `created_at`, `update_at`) VALUES ('62', '68', '36', 'Officia adipisci qui sit ab cum. Eveniet odio natus accusamus corrupti et.', 1, '2001-01-06 21:05:32', '2010-01-25 13:06:10');
INSERT INTO `messages` (`id`, `from_user_id`, `to_user_id`, `txt`, `is_delivered`, `created_at`, `update_at`) VALUES ('63', '69', '91', 'Est ullam odio deleniti et tenetur laboriosam nihil. Repudiandae autem exercitationem similique. Quia rerum aut non praesentium dolores. Similique voluptatem voluptate officia aspernatur.', 0, '1980-08-07 03:46:02', '1979-11-23 14:33:23');
INSERT INTO `messages` (`id`, `from_user_id`, `to_user_id`, `txt`, `is_delivered`, `created_at`, `update_at`) VALUES ('64', '41', '5', 'Ad laborum quos nihil beatae laborum laudantium quia. Reiciendis molestiae vel pariatur omnis atque. Qui ut minus a modi libero. Et facere quo atque esse labore distinctio nostrum amet.', 1, '2018-11-27 04:41:30', '1983-02-11 12:49:13');
INSERT INTO `messages` (`id`, `from_user_id`, `to_user_id`, `txt`, `is_delivered`, `created_at`, `update_at`) VALUES ('65', '15', '36', 'Tempore rerum pariatur laudantium eligendi sint nulla. Nesciunt a repellat exercitationem vel similique ipsam aliquam.', 0, '2014-03-25 03:33:44', '2020-12-12 17:01:42');
INSERT INTO `messages` (`id`, `from_user_id`, `to_user_id`, `txt`, `is_delivered`, `created_at`, `update_at`) VALUES ('66', '68', '15', 'In quo voluptates aut delectus. Aut id et suscipit natus accusamus autem facilis. Ut autem eaque molestiae sed sequi eaque. Suscipit asperiores quis odio.', 0, '1981-01-26 02:57:27', '2019-05-22 01:29:12');
INSERT INTO `messages` (`id`, `from_user_id`, `to_user_id`, `txt`, `is_delivered`, `created_at`, `update_at`) VALUES ('67', '77', '91', 'Ut doloribus ab consequuntur autem enim autem. Recusandae temporibus est saepe sint illo. Quibusdam quidem dolorem iure error modi. Eveniet nulla saepe voluptate cupiditate autem.', 1, '2011-10-23 23:04:37', '1973-07-24 13:33:11');
INSERT INTO `messages` (`id`, `from_user_id`, `to_user_id`, `txt`, `is_delivered`, `created_at`, `update_at`) VALUES ('68', '3', '28', 'In rem pariatur corporis sapiente. Earum et suscipit ab eos. Est tenetur sapiente sequi est.', 1, '1991-07-01 20:46:36', '2017-10-09 17:54:01');
INSERT INTO `messages` (`id`, `from_user_id`, `to_user_id`, `txt`, `is_delivered`, `created_at`, `update_at`) VALUES ('69', '60', '3', 'Ut corporis tempora asperiores similique natus molestias et. Dignissimos atque sapiente sit vel et perferendis voluptatem officiis. Quia error tempora rerum tenetur.', 1, '2020-03-24 14:41:02', '1971-10-03 00:25:59');
INSERT INTO `messages` (`id`, `from_user_id`, `to_user_id`, `txt`, `is_delivered`, `created_at`, `update_at`) VALUES ('70', '95', '1', 'Nihil laudantium mollitia nihil recusandae itaque repellendus. Quam culpa officia eos maiores sunt sunt harum. Quaerat nisi eos quasi qui deserunt rerum. Deserunt vel dolorem eos fuga rerum voluptatem.', 1, '1982-06-14 04:46:04', '1998-03-02 21:18:31');
INSERT INTO `messages` (`id`, `from_user_id`, `to_user_id`, `txt`, `is_delivered`, `created_at`, `update_at`) VALUES ('71', '99', '38', 'Rerum possimus et nobis ut enim aspernatur quia quidem. Omnis maiores necessitatibus aut odio voluptatum vel. Eum in eos doloremque dolore corporis voluptas architecto. Qui soluta ut quaerat iusto nemo.', 1, '1986-10-18 18:12:38', '1983-03-01 04:14:20');
INSERT INTO `messages` (`id`, `from_user_id`, `to_user_id`, `txt`, `is_delivered`, `created_at`, `update_at`) VALUES ('72', '93', '29', 'Non fugiat voluptatem molestiae est. Quibusdam optio mollitia eaque quidem repellat ab praesentium. Sed pariatur cumque voluptate modi pariatur ea. Fugit sunt laboriosam reiciendis quas in sed aliquid.', 0, '1997-09-28 09:13:12', '1977-01-16 09:10:30');
INSERT INTO `messages` (`id`, `from_user_id`, `to_user_id`, `txt`, `is_delivered`, `created_at`, `update_at`) VALUES ('73', '38', '85', 'Aperiam est quia ducimus saepe. Veritatis accusantium harum non enim. Adipisci mollitia modi ex molestias harum.', 1, '2014-06-17 16:53:43', '2013-06-21 23:10:11');
INSERT INTO `messages` (`id`, `from_user_id`, `to_user_id`, `txt`, `is_delivered`, `created_at`, `update_at`) VALUES ('74', '84', '28', 'Odit veniam nesciunt in dolor possimus et aut. Eos ab nemo magnam minus ullam exercitationem. Qui aut nemo officia qui illo. Reiciendis ducimus officiis similique et qui in maxime.', 0, '1999-06-28 06:21:44', '1998-01-25 16:45:53');
INSERT INTO `messages` (`id`, `from_user_id`, `to_user_id`, `txt`, `is_delivered`, `created_at`, `update_at`) VALUES ('75', '10', '1', 'Voluptates et aut et pariatur necessitatibus nostrum. Ea aut eveniet in aperiam fugit voluptas qui rem. Consequatur quo ullam fugiat et tempore suscipit dicta. Dolor culpa similique dolorum et at quibusdam rem.', 0, '1975-02-25 01:14:16', '2015-11-11 06:02:50');
INSERT INTO `messages` (`id`, `from_user_id`, `to_user_id`, `txt`, `is_delivered`, `created_at`, `update_at`) VALUES ('76', '86', '5', 'Est eius laudantium perferendis tempora qui repudiandae vel dolor. In saepe mollitia doloremque. Ducimus quibusdam deserunt nostrum tempore. Blanditiis nihil ut consequatur optio similique explicabo.', 0, '2006-03-29 22:10:02', '1970-12-05 02:09:18');
INSERT INTO `messages` (`id`, `from_user_id`, `to_user_id`, `txt`, `is_delivered`, `created_at`, `update_at`) VALUES ('77', '73', '54', 'Enim quis ab et aut nobis quae culpa sit. Placeat enim eaque fugit ipsum labore et. Ex dolorum labore libero vel impedit adipisci.', 1, '1994-03-10 23:37:31', '1978-05-10 03:46:35');
INSERT INTO `messages` (`id`, `from_user_id`, `to_user_id`, `txt`, `is_delivered`, `created_at`, `update_at`) VALUES ('78', '40', '42', 'Harum aut dolorum ipsa corporis. Enim vero aut qui qui fuga non et esse. Sequi accusantium voluptatem odit et et aliquid. Explicabo quia cum vel nobis.', 0, '1970-12-17 14:17:54', '2014-05-12 03:02:18');
INSERT INTO `messages` (`id`, `from_user_id`, `to_user_id`, `txt`, `is_delivered`, `created_at`, `update_at`) VALUES ('79', '45', '81', 'Quo provident occaecati fugiat illo. Deleniti nam modi libero id et voluptates. Qui doloremque beatae quod rerum aspernatur temporibus quisquam beatae.', 0, '1998-11-18 08:08:34', '2020-10-03 14:26:33');
INSERT INTO `messages` (`id`, `from_user_id`, `to_user_id`, `txt`, `is_delivered`, `created_at`, `update_at`) VALUES ('80', '47', '59', 'Enim nihil pariatur dolorum. Nihil quam delectus aspernatur error. Ut sed sed quaerat. Reprehenderit eveniet sunt eligendi vel sed quia.', 0, '2020-07-01 14:58:45', '2007-05-22 10:51:30');
INSERT INTO `messages` (`id`, `from_user_id`, `to_user_id`, `txt`, `is_delivered`, `created_at`, `update_at`) VALUES ('81', '16', '14', 'Temporibus laboriosam eum excepturi quam. Et sit sed ipsum labore incidunt sunt quia. Et voluptatibus hic nobis ipsam. Aut rerum rerum minus accusantium libero illo consequuntur.', 1, '1975-12-20 10:37:12', '1991-06-08 21:24:40');
INSERT INTO `messages` (`id`, `from_user_id`, `to_user_id`, `txt`, `is_delivered`, `created_at`, `update_at`) VALUES ('82', '73', '92', 'Ipsam nam officia distinctio vero cupiditate ratione. Omnis unde et suscipit ipsum asperiores id. Optio voluptatem culpa cupiditate velit. Officia et illum tempore repellat odit.', 1, '1990-12-15 21:28:57', '2015-07-24 07:47:16');
INSERT INTO `messages` (`id`, `from_user_id`, `to_user_id`, `txt`, `is_delivered`, `created_at`, `update_at`) VALUES ('83', '5', '76', 'Repudiandae dolor qui iste ex provident suscipit molestiae. Impedit omnis repudiandae tempore quam. Non non qui ullam. Et necessitatibus voluptas dolorem in voluptas quaerat voluptas autem. Non ab laborum perferendis aut sint tempora nihil ut.', 0, '1973-10-17 23:53:51', '1973-03-03 20:55:02');
INSERT INTO `messages` (`id`, `from_user_id`, `to_user_id`, `txt`, `is_delivered`, `created_at`, `update_at`) VALUES ('84', '20', '64', 'Architecto et unde praesentium nihil sunt alias rerum et. Doloremque id quisquam voluptate rerum vero accusamus. Voluptas repellat veritatis sint. Distinctio autem aspernatur perspiciatis culpa.', 0, '2010-11-08 22:51:47', '2000-06-02 03:17:36');
INSERT INTO `messages` (`id`, `from_user_id`, `to_user_id`, `txt`, `is_delivered`, `created_at`, `update_at`) VALUES ('85', '79', '15', 'Eius nostrum possimus eaque rem sint voluptas quaerat. Est et corporis ipsa officia. Voluptatem unde a accusantium hic.', 1, '1977-02-27 15:33:00', '1995-04-06 09:17:24');
INSERT INTO `messages` (`id`, `from_user_id`, `to_user_id`, `txt`, `is_delivered`, `created_at`, `update_at`) VALUES ('86', '65', '78', 'Consequatur dicta accusantium sunt beatae quia repellat accusamus. Dolor quos natus nisi autem. Ut hic consequuntur explicabo ratione non recusandae. Veritatis maiores et esse aut ex ipsa.', 1, '1970-07-13 09:48:26', '1976-01-30 03:07:46');
INSERT INTO `messages` (`id`, `from_user_id`, `to_user_id`, `txt`, `is_delivered`, `created_at`, `update_at`) VALUES ('87', '53', '58', 'Dolor unde aut earum aut unde facilis impedit. Facilis non dolor atque et unde voluptatum. Tenetur autem qui repudiandae est.', 0, '1998-03-15 13:15:49', '2013-01-30 22:18:40');
INSERT INTO `messages` (`id`, `from_user_id`, `to_user_id`, `txt`, `is_delivered`, `created_at`, `update_at`) VALUES ('88', '6', '91', 'Nisi fugiat deserunt excepturi voluptatum nesciunt assumenda. Voluptatem consequatur dolores esse voluptatibus magni. Temporibus dicta odit temporibus eius quasi a vero. Quia eos illum praesentium nisi illo laboriosam qui.', 1, '1980-04-23 13:07:38', '2000-01-15 23:36:13');
INSERT INTO `messages` (`id`, `from_user_id`, `to_user_id`, `txt`, `is_delivered`, `created_at`, `update_at`) VALUES ('89', '42', '90', 'Magni et saepe officiis modi ipsam recusandae eos. Sunt vel exercitationem omnis officia velit similique voluptatibus. Tempora rerum ipsam sint omnis et. Deserunt nam sint deserunt mollitia blanditiis ut.', 0, '2000-10-25 18:46:04', '2004-12-11 20:46:41');
INSERT INTO `messages` (`id`, `from_user_id`, `to_user_id`, `txt`, `is_delivered`, `created_at`, `update_at`) VALUES ('90', '18', '51', 'Aut corrupti quidem id necessitatibus vel. Rem voluptas nostrum sed nihil id. Ipsum iste autem autem mollitia velit. Consequatur eius saepe ea sunt. Corporis officiis omnis laboriosam voluptas molestiae sint.', 0, '1995-11-09 03:55:47', '2000-09-26 12:17:27');
INSERT INTO `messages` (`id`, `from_user_id`, `to_user_id`, `txt`, `is_delivered`, `created_at`, `update_at`) VALUES ('91', '90', '4', 'Quis natus autem porro qui fuga. Quos aperiam quos ullam qui. Et fugiat quia saepe est.', 0, '1994-07-29 16:41:44', '1971-08-16 00:54:42');
INSERT INTO `messages` (`id`, `from_user_id`, `to_user_id`, `txt`, `is_delivered`, `created_at`, `update_at`) VALUES ('92', '56', '63', 'Porro et ut in temporibus voluptas dolores vel reiciendis. Quo distinctio eum reiciendis corporis accusamus voluptatem quo. Et nemo dolorum ipsum similique quaerat.', 1, '1981-09-09 19:53:55', '2020-11-04 10:50:13');
INSERT INTO `messages` (`id`, `from_user_id`, `to_user_id`, `txt`, `is_delivered`, `created_at`, `update_at`) VALUES ('93', '57', '96', 'Ratione praesentium modi accusamus voluptas illo. Nostrum repudiandae minus et hic. Molestiae quia excepturi debitis expedita.', 0, '1999-11-28 11:54:44', '1991-04-06 06:44:21');
INSERT INTO `messages` (`id`, `from_user_id`, `to_user_id`, `txt`, `is_delivered`, `created_at`, `update_at`) VALUES ('94', '4', '1', 'Beatae dolore reprehenderit repellat quaerat soluta. Error voluptatem quis aut tempore. Id corrupti et minima quidem. Ad dolorum voluptas velit in iusto.', 0, '2001-10-18 02:22:05', '1971-06-01 08:20:36');
INSERT INTO `messages` (`id`, `from_user_id`, `to_user_id`, `txt`, `is_delivered`, `created_at`, `update_at`) VALUES ('95', '76', '50', 'Nisi iste voluptas est dolor et. Eos aut provident perspiciatis soluta officia aut in id. Nobis eum officiis et rerum excepturi ea magni.', 0, '1979-11-09 04:11:23', '2012-02-17 18:00:40');
INSERT INTO `messages` (`id`, `from_user_id`, `to_user_id`, `txt`, `is_delivered`, `created_at`, `update_at`) VALUES ('96', '60', '91', 'Rerum et qui consequatur error sint molestiae adipisci. Neque at nihil voluptatem sint qui sapiente dignissimos. Nisi incidunt sunt pariatur quasi aliquam totam quibusdam. Recusandae maxime ut sint et adipisci.', 0, '2010-04-05 10:39:09', '2002-06-12 13:43:30');
INSERT INTO `messages` (`id`, `from_user_id`, `to_user_id`, `txt`, `is_delivered`, `created_at`, `update_at`) VALUES ('97', '64', '33', 'Autem fuga perspiciatis tenetur totam quam et rerum. Ullam illo qui at commodi in. Voluptatem praesentium commodi suscipit enim. Ex voluptatem illum fugit eveniet aspernatur cupiditate.', 1, '1983-02-17 20:30:03', '1995-04-28 03:04:17');
INSERT INTO `messages` (`id`, `from_user_id`, `to_user_id`, `txt`, `is_delivered`, `created_at`, `update_at`) VALUES ('98', '83', '68', 'Harum omnis maiores excepturi et. Ea id molestias sed illo perferendis vel ab iure. Omnis voluptatem animi sequi dolore omnis nihil nihil deleniti.', 1, '1999-07-27 07:28:59', '2006-04-05 18:53:45');
INSERT INTO `messages` (`id`, `from_user_id`, `to_user_id`, `txt`, `is_delivered`, `created_at`, `update_at`) VALUES ('99', '8', '3', 'Voluptate sit illum deserunt ipsam asperiores deserunt. In et quo iste culpa voluptatem. Molestiae exercitationem molestiae vel dolor.', 1, '2007-11-01 03:06:48', '1986-02-11 11:11:34');
INSERT INTO `messages` (`id`, `from_user_id`, `to_user_id`, `txt`, `is_delivered`, `created_at`, `update_at`) VALUES ('100', '32', '87', 'Distinctio dolorum velit et. Aut doloribus nisi et ex eum.', 0, '1991-10-29 15:22:53', '1991-04-03 10:12:16');
INSERT INTO `messages` (`id`, `from_user_id`, `to_user_id`, `txt`, `is_delivered`, `created_at`, `update_at`) VALUES ('101', '17', '96', 'Ut laboriosam est totam vel et libero. Temporibus necessitatibus iste laboriosam molestiae doloremque deleniti. Est rerum sit blanditiis repellendus.', 1, '1993-02-04 02:18:24', '2017-03-20 14:02:20');
INSERT INTO `messages` (`id`, `from_user_id`, `to_user_id`, `txt`, `is_delivered`, `created_at`, `update_at`) VALUES ('102', '64', '70', 'Quo repellat fugit totam quisquam vel. Vel adipisci magni rerum quia. Repellendus magnam asperiores sint eius adipisci et laboriosam. Molestiae deleniti dolorem ipsa quia earum atque.', 1, '1994-08-24 19:05:21', '2000-04-16 21:18:33');
INSERT INTO `messages` (`id`, `from_user_id`, `to_user_id`, `txt`, `is_delivered`, `created_at`, `update_at`) VALUES ('103', '53', '69', 'Est quasi laborum dignissimos omnis cumque velit accusantium. Aliquam quasi ut ut ea cupiditate amet corrupti. Corrupti vero sed commodi quo. Ad optio quo libero voluptatem et.', 0, '1987-11-21 03:00:45', '1988-07-04 05:38:23');
INSERT INTO `messages` (`id`, `from_user_id`, `to_user_id`, `txt`, `is_delivered`, `created_at`, `update_at`) VALUES ('104', '60', '95', 'Vel molestias qui qui dolor. Saepe ex dolor vel nesciunt et est. Magnam iure ipsa esse non. Consequuntur amet ullam quos enim velit.', 1, '1973-03-22 13:14:30', '1974-08-13 17:33:52');
INSERT INTO `messages` (`id`, `from_user_id`, `to_user_id`, `txt`, `is_delivered`, `created_at`, `update_at`) VALUES ('105', '59', '77', 'Quos asperiores quo provident dicta vero. Aut qui officia sit in itaque.', 1, '2004-08-23 21:40:57', '1991-06-07 06:36:17');
INSERT INTO `messages` (`id`, `from_user_id`, `to_user_id`, `txt`, `is_delivered`, `created_at`, `update_at`) VALUES ('106', '45', '49', 'Est hic totam id eum autem unde. Eum reprehenderit quis dolores ipsa delectus. Pariatur rerum cupiditate placeat in sequi fugit dolore.', 0, '2018-08-12 05:15:11', '2001-11-15 16:09:35');
INSERT INTO `messages` (`id`, `from_user_id`, `to_user_id`, `txt`, `is_delivered`, `created_at`, `update_at`) VALUES ('107', '80', '100', 'Rerum eum quos numquam repellendus sunt ipsum. Illum quis omnis ut voluptates. Atque velit in consequatur maxime. Qui nostrum est consectetur ut.', 1, '2009-10-25 11:22:42', '2018-01-02 10:36:37');
INSERT INTO `messages` (`id`, `from_user_id`, `to_user_id`, `txt`, `is_delivered`, `created_at`, `update_at`) VALUES ('108', '11', '37', 'Temporibus aliquid vitae in praesentium est unde iste. Omnis et tenetur ad voluptatem id. Ut eligendi molestias repudiandae alias voluptatum saepe unde harum.', 0, '1989-06-30 01:10:20', '2018-03-09 13:21:25');
INSERT INTO `messages` (`id`, `from_user_id`, `to_user_id`, `txt`, `is_delivered`, `created_at`, `update_at`) VALUES ('109', '96', '15', 'Cupiditate suscipit voluptas dolor optio. Dolor quia sit est.', 0, '2002-03-14 06:59:25', '2010-02-26 09:31:35');
INSERT INTO `messages` (`id`, `from_user_id`, `to_user_id`, `txt`, `is_delivered`, `created_at`, `update_at`) VALUES ('110', '38', '71', 'Autem non dolorem sit consectetur ipsam quia alias. Maxime ipsum eum voluptatem aut. Non ullam culpa voluptatem delectus aliquid. Sunt eos hic voluptas laborum non.', 1, '2005-10-30 19:23:51', '2016-06-23 08:46:52');
INSERT INTO `messages` (`id`, `from_user_id`, `to_user_id`, `txt`, `is_delivered`, `created_at`, `update_at`) VALUES ('111', '64', '97', 'Expedita id ipsum ut tempore. Et possimus consequatur nihil sed tenetur aut. Hic doloremque dolores ratione sequi et non non quidem. Sint ipsa voluptas provident dicta.', 1, '2011-02-06 11:25:40', '2014-06-08 22:53:05');
INSERT INTO `messages` (`id`, `from_user_id`, `to_user_id`, `txt`, `is_delivered`, `created_at`, `update_at`) VALUES ('112', '62', '28', 'Et provident itaque magnam nulla error. Nesciunt cumque impedit iusto libero. Repellat et recusandae aspernatur corporis et aspernatur occaecati tempora. Voluptate voluptatem beatae quia provident dolores.', 0, '1985-12-30 07:15:54', '1980-05-06 00:41:13');
INSERT INTO `messages` (`id`, `from_user_id`, `to_user_id`, `txt`, `is_delivered`, `created_at`, `update_at`) VALUES ('113', '29', '44', 'Voluptatem omnis iure ea repellendus. Reiciendis in aspernatur dolor aut ratione. Similique praesentium commodi dicta. Sint facilis repellat impedit inventore animi ratione dolores. Saepe vel est accusantium dolores voluptate eligendi doloremque.', 1, '2005-01-21 16:01:38', '2021-06-02 01:28:39');
INSERT INTO `messages` (`id`, `from_user_id`, `to_user_id`, `txt`, `is_delivered`, `created_at`, `update_at`) VALUES ('114', '96', '37', 'Accusantium rerum illum quis praesentium sequi est eos. Eos unde nam eaque doloremque vel cupiditate nemo. Non omnis quidem sed omnis reprehenderit iusto. Aut nisi tempora aperiam quia possimus sequi.', 1, '1996-07-11 09:11:12', '1970-02-19 01:30:29');
INSERT INTO `messages` (`id`, `from_user_id`, `to_user_id`, `txt`, `is_delivered`, `created_at`, `update_at`) VALUES ('115', '46', '27', 'Rerum vel quo quae quasi at culpa libero. Dolorem alias est accusantium ab voluptate. Consequatur architecto assumenda qui eveniet atque. Natus quam assumenda ea et quo.', 1, '1998-02-10 23:53:50', '2019-01-16 19:20:05');
INSERT INTO `messages` (`id`, `from_user_id`, `to_user_id`, `txt`, `is_delivered`, `created_at`, `update_at`) VALUES ('116', '23', '63', 'Id quas aliquid sed asperiores sed. Repellendus consequatur quis id recusandae et maxime. In iste quam doloribus et.', 0, '1989-04-10 11:08:34', '1980-06-02 05:00:22');
INSERT INTO `messages` (`id`, `from_user_id`, `to_user_id`, `txt`, `is_delivered`, `created_at`, `update_at`) VALUES ('117', '23', '86', 'Corrupti aut optio minima autem autem. Ut tenetur sint perspiciatis eligendi in ea. Quia fuga eos sed molestiae ut. Sint voluptatem ut sint sunt quaerat quis ut.', 1, '2010-09-19 17:09:32', '2002-12-27 03:02:05');
INSERT INTO `messages` (`id`, `from_user_id`, `to_user_id`, `txt`, `is_delivered`, `created_at`, `update_at`) VALUES ('118', '32', '75', 'Eum officiis nobis aspernatur est commodi. Dignissimos aperiam debitis eos quos porro. Cumque aut perspiciatis aut totam qui et sit.', 1, '1970-08-13 09:01:07', '2014-12-01 17:08:19');
INSERT INTO `messages` (`id`, `from_user_id`, `to_user_id`, `txt`, `is_delivered`, `created_at`, `update_at`) VALUES ('119', '55', '92', 'Corrupti architecto sint voluptatum quis quaerat. Mollitia est voluptas occaecati consequatur hic. Quasi et deserunt voluptatem rerum iure. Quia id animi fugit atque tenetur assumenda esse dolorem.', 0, '2000-06-04 07:38:33', '1992-11-11 07:58:01');
INSERT INTO `messages` (`id`, `from_user_id`, `to_user_id`, `txt`, `is_delivered`, `created_at`, `update_at`) VALUES ('120', '70', '14', 'Necessitatibus earum qui ratione et. Rerum aperiam eius nam quo. Ut quis ut sapiente cum aut delectus.', 1, '1998-01-18 23:46:19', '1981-04-26 06:56:26');
INSERT INTO `messages` (`id`, `from_user_id`, `to_user_id`, `txt`, `is_delivered`, `created_at`, `update_at`) VALUES ('121', '68', '14', 'Facere similique perferendis excepturi et dolores perferendis ipsam. Et voluptas numquam placeat voluptatem. Omnis est qui atque eos. Maxime debitis incidunt autem quisquam atque quas.', 0, '1970-12-29 08:29:49', '1984-07-14 11:49:51');
INSERT INTO `messages` (`id`, `from_user_id`, `to_user_id`, `txt`, `is_delivered`, `created_at`, `update_at`) VALUES ('122', '62', '48', 'Dolorem doloribus est qui est magnam recusandae autem. Ratione facilis ratione magni cum tenetur illo. Eos veniam ea eligendi dolore. Voluptatem ut dolore tempore et architecto id.', 1, '2019-02-25 05:24:10', '2012-11-24 07:29:31');
INSERT INTO `messages` (`id`, `from_user_id`, `to_user_id`, `txt`, `is_delivered`, `created_at`, `update_at`) VALUES ('123', '14', '72', 'Veniam esse qui ut modi minus ratione voluptatem. Laudantium ipsa natus ut maiores exercitationem laborum ex qui.', 1, '1993-08-19 06:09:16', '1986-06-27 07:40:57');
INSERT INTO `messages` (`id`, `from_user_id`, `to_user_id`, `txt`, `is_delivered`, `created_at`, `update_at`) VALUES ('124', '84', '9', 'Esse eaque alias et quis ut. Quos dolorem voluptatem illum sint. Inventore quia labore laboriosam vitae distinctio quis.', 1, '1989-10-06 11:25:04', '1984-06-23 17:48:56');
INSERT INTO `messages` (`id`, `from_user_id`, `to_user_id`, `txt`, `is_delivered`, `created_at`, `update_at`) VALUES ('125', '86', '22', 'Et molestias dolor odio doloribus unde. Et ut sapiente et et ut. Ab eos odio sit cumque occaecati autem veritatis. Labore natus explicabo magnam consequatur.', 1, '2007-03-16 01:28:24', '1973-02-28 03:40:03');
INSERT INTO `messages` (`id`, `from_user_id`, `to_user_id`, `txt`, `is_delivered`, `created_at`, `update_at`) VALUES ('126', '80', '50', 'Doloribus sit aliquam officia in. Ullam ea quisquam dicta amet et in. Consequatur facilis placeat perferendis consectetur sequi quo quia.', 1, '1979-08-12 05:18:25', '1986-01-14 20:10:18');
INSERT INTO `messages` (`id`, `from_user_id`, `to_user_id`, `txt`, `is_delivered`, `created_at`, `update_at`) VALUES ('127', '19', '41', 'Vero dolorem mollitia eum rerum fugiat impedit. Eum debitis omnis quaerat velit aut eum non non. Qui dolore dicta soluta aut. Occaecati quo voluptatibus consectetur commodi rerum error.', 1, '2006-02-05 04:16:05', '1972-02-26 22:53:22');
INSERT INTO `messages` (`id`, `from_user_id`, `to_user_id`, `txt`, `is_delivered`, `created_at`, `update_at`) VALUES ('128', '77', '48', 'Est deserunt ut occaecati iste soluta. Eveniet accusamus vitae et porro consequatur sunt qui. Voluptatem sunt ut ut aspernatur nam et. Dolor rerum quod culpa et adipisci architecto assumenda.', 0, '1993-02-08 00:03:12', '2005-12-24 22:36:41');
INSERT INTO `messages` (`id`, `from_user_id`, `to_user_id`, `txt`, `is_delivered`, `created_at`, `update_at`) VALUES ('129', '84', '72', 'Voluptatibus omnis ipsum aut quia nostrum. Et beatae rerum repellendus aut ratione necessitatibus delectus. Qui neque quibusdam deleniti provident quia omnis libero. Ex et eos eaque ut autem ducimus quis.', 1, '2014-11-13 13:24:24', '2001-08-05 19:32:05');
INSERT INTO `messages` (`id`, `from_user_id`, `to_user_id`, `txt`, `is_delivered`, `created_at`, `update_at`) VALUES ('130', '84', '30', 'Vero eaque impedit reiciendis suscipit. Omnis beatae dolor expedita delectus ad. Ut hic earum nemo quis ea aspernatur.', 0, '2021-01-31 14:02:49', '1975-07-08 20:46:01');
INSERT INTO `messages` (`id`, `from_user_id`, `to_user_id`, `txt`, `is_delivered`, `created_at`, `update_at`) VALUES ('131', '99', '7', 'Nemo qui nam velit voluptatibus magnam et. Rerum veritatis enim consequatur autem. Ab ut praesentium deleniti velit sed dolore nam. Saepe earum delectus velit est dicta.', 1, '1981-12-18 04:03:52', '1983-04-27 04:31:55');
INSERT INTO `messages` (`id`, `from_user_id`, `to_user_id`, `txt`, `is_delivered`, `created_at`, `update_at`) VALUES ('132', '93', '21', 'Et iste corrupti perferendis reprehenderit rerum qui. Alias repudiandae iste magnam nulla animi omnis. Aut ab quam pariatur quo. Ex commodi odit soluta ut.', 1, '1992-02-17 18:32:09', '1993-03-19 05:51:05');
INSERT INTO `messages` (`id`, `from_user_id`, `to_user_id`, `txt`, `is_delivered`, `created_at`, `update_at`) VALUES ('133', '93', '25', 'Ut accusantium repudiandae perferendis itaque non eligendi nostrum. Cum officiis similique repudiandae magni quidem quisquam eveniet. Minus voluptas consectetur eius. Nulla nisi iure ex et.', 1, '2007-03-10 18:33:18', '2010-05-28 08:46:58');
INSERT INTO `messages` (`id`, `from_user_id`, `to_user_id`, `txt`, `is_delivered`, `created_at`, `update_at`) VALUES ('134', '96', '48', 'Aliquam nam est est aut quia ratione dolores. Doloremque quia iure dignissimos iusto voluptas. Quia quam harum adipisci est exercitationem perspiciatis.', 0, '1996-01-13 16:47:21', '2004-03-19 02:11:47');
INSERT INTO `messages` (`id`, `from_user_id`, `to_user_id`, `txt`, `is_delivered`, `created_at`, `update_at`) VALUES ('135', '16', '65', 'Sapiente ex accusamus quaerat. Voluptas repudiandae ea laudantium non libero non odit culpa. Et et id temporibus. Sequi sit optio quo id modi eveniet.', 1, '1984-12-21 00:58:22', '1970-01-04 10:27:11');
INSERT INTO `messages` (`id`, `from_user_id`, `to_user_id`, `txt`, `is_delivered`, `created_at`, `update_at`) VALUES ('136', '61', '83', 'Animi quia tenetur consequatur excepturi temporibus. Nisi incidunt ut repellat sit facere ducimus molestiae. Sed dolore placeat numquam fugit sapiente.', 0, '2014-10-28 22:53:36', '2011-02-20 05:45:40');
INSERT INTO `messages` (`id`, `from_user_id`, `to_user_id`, `txt`, `is_delivered`, `created_at`, `update_at`) VALUES ('137', '79', '22', 'Voluptatem error quis commodi illum omnis eligendi occaecati. Ut aut delectus nihil eum. Eius corporis nihil rem quia sequi quia voluptatem. Earum eaque dicta quis iusto.', 0, '1976-01-30 23:59:12', '2014-10-08 19:21:12');
INSERT INTO `messages` (`id`, `from_user_id`, `to_user_id`, `txt`, `is_delivered`, `created_at`, `update_at`) VALUES ('138', '31', '92', 'Quia ad quia eos fugit sit labore. Quas non aut et quis.', 0, '2020-02-18 06:18:59', '1990-12-14 05:27:23');
INSERT INTO `messages` (`id`, `from_user_id`, `to_user_id`, `txt`, `is_delivered`, `created_at`, `update_at`) VALUES ('139', '93', '15', 'Optio reprehenderit non eos. Saepe dolore qui nostrum maxime voluptate voluptatem enim.', 1, '2014-08-19 22:49:09', '2014-02-16 12:35:56');
INSERT INTO `messages` (`id`, `from_user_id`, `to_user_id`, `txt`, `is_delivered`, `created_at`, `update_at`) VALUES ('140', '1', '79', 'Autem quasi molestias perferendis aut repudiandae. Mollitia eos asperiores ea ea distinctio tenetur quaerat. Facilis qui commodi id recusandae neque qui. Fugiat voluptatem sed voluptatem accusantium sunt atque aut.', 0, '2003-09-23 12:45:21', '1993-01-22 00:16:48');
INSERT INTO `messages` (`id`, `from_user_id`, `to_user_id`, `txt`, `is_delivered`, `created_at`, `update_at`) VALUES ('141', '36', '80', 'Sint necessitatibus voluptatum itaque dolore. Eligendi sunt pariatur veritatis aut itaque rerum explicabo. Voluptatibus dolorem qui quidem voluptate. Dolor qui sit aut similique eum nihil dicta.', 0, '2011-11-24 22:45:40', '2019-06-15 14:43:49');
INSERT INTO `messages` (`id`, `from_user_id`, `to_user_id`, `txt`, `is_delivered`, `created_at`, `update_at`) VALUES ('142', '29', '54', 'Quam qui quasi est dolores omnis dolorem. Doloribus qui dolorem atque fugit recusandae.', 0, '1996-01-16 20:44:02', '1999-06-22 04:14:48');
INSERT INTO `messages` (`id`, `from_user_id`, `to_user_id`, `txt`, `is_delivered`, `created_at`, `update_at`) VALUES ('143', '21', '6', 'Autem sed id rem ad illum velit exercitationem. Qui consequatur veritatis nam eos cum nesciunt repellat. Perferendis quidem natus sit autem ipsa rem. Corporis perferendis sed tempore ea aut enim iste omnis.', 0, '1976-08-16 23:34:32', '1994-06-05 16:26:20');
INSERT INTO `messages` (`id`, `from_user_id`, `to_user_id`, `txt`, `is_delivered`, `created_at`, `update_at`) VALUES ('144', '1', '4', 'Consequatur excepturi incidunt expedita voluptatem fuga non. Sint reprehenderit voluptas consequatur ipsa et et. Corrupti omnis et eveniet. Veritatis unde placeat omnis commodi.', 1, '1971-09-03 15:49:32', '2015-01-16 02:53:30');
INSERT INTO `messages` (`id`, `from_user_id`, `to_user_id`, `txt`, `is_delivered`, `created_at`, `update_at`) VALUES ('145', '78', '85', 'Harum mollitia officiis dolorem consequatur dicta repellat corrupti deleniti. Cum consequatur voluptatem eligendi reiciendis. Commodi voluptas est dolorem nihil et deserunt. Dolorem aut error ipsa placeat veniam illum fugiat.', 0, '2008-01-24 11:21:28', '2013-05-17 00:55:24');
INSERT INTO `messages` (`id`, `from_user_id`, `to_user_id`, `txt`, `is_delivered`, `created_at`, `update_at`) VALUES ('146', '34', '76', 'Sunt perferendis qui dolorem. Voluptas quisquam occaecati mollitia dolores quod facere aliquid. Occaecati illo quia autem consequatur rerum sit quam. Rerum labore ratione minima quae fugit. Velit unde autem et omnis corporis voluptatem sapiente ut.', 0, '2018-11-05 14:57:56', '1986-10-06 02:37:18');
INSERT INTO `messages` (`id`, `from_user_id`, `to_user_id`, `txt`, `is_delivered`, `created_at`, `update_at`) VALUES ('147', '91', '27', 'Totam aperiam vitae harum at rerum ullam voluptatem omnis. Voluptatem iusto est non cupiditate. Officiis libero nemo rem. Magni consequatur et debitis numquam id et sit aut.', 1, '2011-05-13 09:10:44', '2009-03-17 11:03:18');
INSERT INTO `messages` (`id`, `from_user_id`, `to_user_id`, `txt`, `is_delivered`, `created_at`, `update_at`) VALUES ('148', '96', '84', 'Est corporis laudantium magni non. Molestiae mollitia recusandae pariatur omnis earum maiores. Sequi non non enim est tenetur pariatur. Officia nihil sit aut a non nobis.', 0, '1982-02-17 03:33:18', '2005-01-25 18:48:49');
INSERT INTO `messages` (`id`, `from_user_id`, `to_user_id`, `txt`, `is_delivered`, `created_at`, `update_at`) VALUES ('149', '51', '91', 'Rerum ex quo cumque ut. Placeat est consectetur voluptatem. Culpa nisi hic est tenetur quo amet. Corrupti asperiores est quidem qui architecto.', 0, '1995-04-17 23:36:45', '1979-11-12 02:10:00');
INSERT INTO `messages` (`id`, `from_user_id`, `to_user_id`, `txt`, `is_delivered`, `created_at`, `update_at`) VALUES ('150', '31', '67', 'Ut eius aut enim pariatur suscipit. Et labore deserunt distinctio laborum in. Odit labore non quis aperiam asperiores. Ut assumenda non quasi neque. Ut cumque quia eum vitae.', 1, '1984-09-09 02:42:42', '2007-01-19 06:08:38');
INSERT INTO `messages` (`id`, `from_user_id`, `to_user_id`, `txt`, `is_delivered`, `created_at`, `update_at`) VALUES ('151', '56', '91', 'Mollitia eaque quaerat maiores iusto nam veritatis. Nostrum sit ea atque aut repudiandae porro rem.', 0, '1975-03-02 08:19:34', '1989-01-28 10:02:39');
INSERT INTO `messages` (`id`, `from_user_id`, `to_user_id`, `txt`, `is_delivered`, `created_at`, `update_at`) VALUES ('152', '49', '34', 'Unde fugit magni sint exercitationem dolorem vitae nisi. Voluptatem et impedit illum. Hic est hic tempora qui dolore ut molestias. Eveniet sit iusto enim.', 1, '1984-05-08 05:34:26', '2021-02-12 12:48:41');
INSERT INTO `messages` (`id`, `from_user_id`, `to_user_id`, `txt`, `is_delivered`, `created_at`, `update_at`) VALUES ('153', '13', '80', 'Aut corrupti est eligendi ratione qui. Ut facere aspernatur corporis facere harum blanditiis eos. Consequatur cumque et reiciendis repellendus nesciunt. Quas explicabo aut temporibus rerum et quia similique quod. Hic praesentium provident quae sunt nesciunt earum reprehenderit nemo.', 1, '1992-05-09 04:03:59', '2019-07-26 18:23:56');
INSERT INTO `messages` (`id`, `from_user_id`, `to_user_id`, `txt`, `is_delivered`, `created_at`, `update_at`) VALUES ('154', '26', '6', 'Ratione perspiciatis dolorum nostrum perferendis nemo. Voluptatem non et praesentium voluptates culpa. Sit natus maxime deserunt nemo magnam. Numquam laborum rem repellat. Deleniti unde magni odio corporis eveniet nihil voluptas.', 1, '2000-01-30 02:57:29', '2015-10-21 01:49:03');
INSERT INTO `messages` (`id`, `from_user_id`, `to_user_id`, `txt`, `is_delivered`, `created_at`, `update_at`) VALUES ('155', '94', '27', 'Debitis accusantium tempora ipsam expedita. Voluptates ad ut tempora neque. Voluptatem tenetur optio ullam modi non.', 0, '2013-03-31 12:43:35', '1976-03-17 17:36:32');
INSERT INTO `messages` (`id`, `from_user_id`, `to_user_id`, `txt`, `is_delivered`, `created_at`, `update_at`) VALUES ('156', '84', '30', 'Ratione nemo veniam et maiores eius iste. Sunt enim consequatur quae labore qui et. Neque quo illum commodi dolores architecto occaecati qui dolorem. Sint numquam neque temporibus atque ratione ea ipsam.', 1, '1984-04-23 06:43:54', '2003-08-24 11:21:16');
INSERT INTO `messages` (`id`, `from_user_id`, `to_user_id`, `txt`, `is_delivered`, `created_at`, `update_at`) VALUES ('157', '7', '12', 'Exercitationem sint sed et quia. Provident voluptatem at deleniti expedita aspernatur. Laborum corporis nostrum et voluptatem vel quo veniam. Sint ea dolorem voluptates.', 1, '2009-04-08 06:59:27', '1992-04-29 01:28:46');
INSERT INTO `messages` (`id`, `from_user_id`, `to_user_id`, `txt`, `is_delivered`, `created_at`, `update_at`) VALUES ('158', '83', '27', 'Rem numquam molestias aut fuga qui excepturi. Nulla optio praesentium itaque illum qui ea perferendis ullam. Aperiam vitae consequatur dignissimos ipsa rerum. Tempora sed molestiae nihil dolores dolores incidunt nihil.', 1, '2018-05-07 15:26:55', '1972-06-26 15:56:09');
INSERT INTO `messages` (`id`, `from_user_id`, `to_user_id`, `txt`, `is_delivered`, `created_at`, `update_at`) VALUES ('159', '17', '84', 'Praesentium maiores architecto iusto corrupti voluptatum. Sunt consequatur sit voluptate. Et ut nihil molestias suscipit odio id. Officiis voluptatem velit ex quasi eligendi veniam sapiente.', 1, '2010-03-20 04:16:41', '1983-12-17 10:25:17');
INSERT INTO `messages` (`id`, `from_user_id`, `to_user_id`, `txt`, `is_delivered`, `created_at`, `update_at`) VALUES ('160', '31', '94', 'Voluptatibus cum placeat vitae quasi recusandae vero impedit. Aut ipsam vel occaecati dolorum iure ea id.', 1, '1996-09-27 16:13:25', '2014-09-01 06:42:23');
INSERT INTO `messages` (`id`, `from_user_id`, `to_user_id`, `txt`, `is_delivered`, `created_at`, `update_at`) VALUES ('161', '68', '64', 'Aliquam quo expedita ea quia temporibus tenetur delectus. Nihil qui iure ipsam veniam impedit cupiditate nesciunt voluptatem. Ipsum cumque in aliquid quod ut nobis est voluptatem.', 0, '2012-03-03 17:22:26', '1991-05-21 06:30:43');
INSERT INTO `messages` (`id`, `from_user_id`, `to_user_id`, `txt`, `is_delivered`, `created_at`, `update_at`) VALUES ('162', '70', '59', 'Sint delectus ut tempora. Totam nobis non accusamus quos aut recusandae sunt. Quas sint nemo et aspernatur non.', 1, '2017-02-25 10:20:17', '1998-01-23 16:52:35');
INSERT INTO `messages` (`id`, `from_user_id`, `to_user_id`, `txt`, `is_delivered`, `created_at`, `update_at`) VALUES ('163', '91', '66', 'Ea unde ab voluptates voluptatem repudiandae. Et velit cumque inventore in est debitis cum eveniet. Soluta unde amet optio aut quam incidunt.', 1, '2002-04-30 12:54:17', '2016-09-19 06:21:06');
INSERT INTO `messages` (`id`, `from_user_id`, `to_user_id`, `txt`, `is_delivered`, `created_at`, `update_at`) VALUES ('164', '43', '41', 'Et enim molestiae placeat mollitia eveniet autem facilis. Et occaecati ut et ex. Consequuntur voluptate est dignissimos eius illum asperiores.', 0, '2020-03-17 14:56:01', '1981-05-09 16:48:12');
INSERT INTO `messages` (`id`, `from_user_id`, `to_user_id`, `txt`, `is_delivered`, `created_at`, `update_at`) VALUES ('165', '57', '73', 'Quae autem reiciendis vitae illo. Totam est impedit enim omnis quia. Voluptas unde doloremque quia deleniti voluptatem.', 0, '2011-06-06 13:52:49', '1984-09-04 05:48:28');
INSERT INTO `messages` (`id`, `from_user_id`, `to_user_id`, `txt`, `is_delivered`, `created_at`, `update_at`) VALUES ('166', '7', '12', 'Facilis architecto recusandae quaerat iure qui ut libero. Perspiciatis veritatis sed assumenda.', 1, '2008-11-01 14:01:01', '2011-07-12 15:29:13');
INSERT INTO `messages` (`id`, `from_user_id`, `to_user_id`, `txt`, `is_delivered`, `created_at`, `update_at`) VALUES ('167', '64', '56', 'Vel sed vero est beatae rerum. Voluptas libero voluptatem optio earum deserunt est alias. Et aspernatur fuga unde enim id eos. Exercitationem dignissimos impedit et saepe neque.', 1, '1996-09-13 14:43:53', '2010-03-15 17:42:17');
INSERT INTO `messages` (`id`, `from_user_id`, `to_user_id`, `txt`, `is_delivered`, `created_at`, `update_at`) VALUES ('168', '45', '76', 'Sed exercitationem eaque expedita eligendi deleniti doloribus. Optio qui cupiditate et sapiente doloribus ut sed dolor. Dolor excepturi quis asperiores.', 0, '2018-01-12 00:11:19', '1988-02-15 18:12:57');
INSERT INTO `messages` (`id`, `from_user_id`, `to_user_id`, `txt`, `is_delivered`, `created_at`, `update_at`) VALUES ('169', '36', '71', 'Pariatur ad quam numquam sequi fugit. Et quis et corrupti dignissimos totam. Ducimus est et dicta nihil aut et et. Iure inventore mollitia blanditiis vel hic repellendus.', 0, '1980-07-23 06:35:51', '1985-06-15 15:01:07');
INSERT INTO `messages` (`id`, `from_user_id`, `to_user_id`, `txt`, `is_delivered`, `created_at`, `update_at`) VALUES ('170', '81', '29', 'Est ducimus at consequatur. Voluptatem et optio reiciendis voluptatibus unde non. Ea veritatis assumenda aperiam aspernatur impedit blanditiis sequi. Et explicabo temporibus deleniti et officiis molestias in et.', 1, '1974-05-15 10:26:42', '2018-01-31 15:36:55');
INSERT INTO `messages` (`id`, `from_user_id`, `to_user_id`, `txt`, `is_delivered`, `created_at`, `update_at`) VALUES ('171', '97', '65', 'Omnis qui harum provident in corrupti. Placeat sunt culpa porro a. Ratione impedit eum quod placeat veritatis vel recusandae. Repudiandae veniam aspernatur repellat voluptatem iusto amet voluptatum.', 0, '2018-08-09 14:43:35', '2004-05-17 05:31:27');
INSERT INTO `messages` (`id`, `from_user_id`, `to_user_id`, `txt`, `is_delivered`, `created_at`, `update_at`) VALUES ('172', '58', '3', 'Neque cumque fugit maiores soluta sequi. Iure magni error odit qui quia ut. In enim nam deserunt voluptatem. A voluptas quos quis aut.', 0, '2001-09-21 22:33:38', '1993-11-21 12:40:01');
INSERT INTO `messages` (`id`, `from_user_id`, `to_user_id`, `txt`, `is_delivered`, `created_at`, `update_at`) VALUES ('173', '77', '41', 'Aut pariatur vero voluptatem nihil totam autem rerum. Eum accusamus unde repellat quia est. Consequatur ipsum sunt ab ut voluptas ut earum.', 1, '2017-03-10 20:40:39', '2017-02-10 07:53:00');
INSERT INTO `messages` (`id`, `from_user_id`, `to_user_id`, `txt`, `is_delivered`, `created_at`, `update_at`) VALUES ('174', '29', '94', 'Accusamus assumenda temporibus sed veritatis odit. Consequatur illo odio veritatis facere voluptates. At optio vero perferendis quas eligendi laborum natus.', 0, '1970-07-16 06:39:57', '1992-07-17 17:35:21');
INSERT INTO `messages` (`id`, `from_user_id`, `to_user_id`, `txt`, `is_delivered`, `created_at`, `update_at`) VALUES ('175', '25', '59', 'Et id accusamus ea ut. Deleniti voluptas molestiae qui et magni. Assumenda rem et distinctio sit placeat dicta. Aut distinctio aliquid voluptatem eius enim quaerat et.', 1, '2021-04-12 11:38:23', '2002-10-27 14:45:45');
INSERT INTO `messages` (`id`, `from_user_id`, `to_user_id`, `txt`, `is_delivered`, `created_at`, `update_at`) VALUES ('176', '88', '92', 'Eum vero maxime porro doloremque nihil veniam id. Qui occaecati est explicabo harum numquam quia. Assumenda minima est quia nulla. Accusantium itaque et porro distinctio explicabo ea nobis.', 1, '1998-03-23 03:38:12', '1997-03-30 02:28:12');
INSERT INTO `messages` (`id`, `from_user_id`, `to_user_id`, `txt`, `is_delivered`, `created_at`, `update_at`) VALUES ('177', '23', '57', 'Sunt in necessitatibus ratione sit soluta quasi commodi. Nostrum et eaque voluptatibus occaecati harum. Eveniet quo eum et dolor ipsum est cumque.', 0, '2003-03-26 17:12:10', '1971-11-08 03:08:29');
INSERT INTO `messages` (`id`, `from_user_id`, `to_user_id`, `txt`, `is_delivered`, `created_at`, `update_at`) VALUES ('178', '51', '13', 'Dignissimos dolor non consequatur omnis. Dolorum perferendis aut quod vitae. Temporibus et unde rem. Distinctio et omnis ipsam esse dolor qui.', 0, '2004-10-10 20:02:42', '2011-05-16 22:50:37');
INSERT INTO `messages` (`id`, `from_user_id`, `to_user_id`, `txt`, `is_delivered`, `created_at`, `update_at`) VALUES ('179', '23', '93', 'Exercitationem sit minus at quia et sint. Ea minus quo molestias ex. Quia debitis suscipit id atque. Placeat rerum aut sint qui dignissimos sed est.', 1, '1976-07-23 21:51:02', '1973-11-22 07:51:49');
INSERT INTO `messages` (`id`, `from_user_id`, `to_user_id`, `txt`, `is_delivered`, `created_at`, `update_at`) VALUES ('180', '54', '79', 'Rem eligendi consequuntur vel vel. Architecto non nulla ut fugiat. Nostrum ipsa ut et natus totam. Laborum eligendi eos nemo vel quas dolorem et.', 1, '2018-03-31 01:07:30', '1970-04-13 20:40:50');
INSERT INTO `messages` (`id`, `from_user_id`, `to_user_id`, `txt`, `is_delivered`, `created_at`, `update_at`) VALUES ('181', '66', '61', 'Consequatur officia possimus aperiam nulla. Impedit aut consequuntur est aliquid enim aut consequatur. Et similique minima excepturi amet praesentium.', 1, '1999-02-25 03:22:05', '1992-08-03 18:19:46');
INSERT INTO `messages` (`id`, `from_user_id`, `to_user_id`, `txt`, `is_delivered`, `created_at`, `update_at`) VALUES ('182', '90', '29', 'Enim quo accusamus veritatis minus. Aut inventore neque et ipsa. Voluptatem et veritatis eveniet non enim tempore maxime.', 0, '2006-06-25 04:34:06', '2000-11-08 19:12:40');
INSERT INTO `messages` (`id`, `from_user_id`, `to_user_id`, `txt`, `is_delivered`, `created_at`, `update_at`) VALUES ('183', '16', '35', 'Tenetur eos impedit itaque vel sint est ea. Quas aut molestias cumque ut aspernatur. Accusamus in voluptas adipisci.', 0, '2010-03-05 14:54:20', '2016-03-28 19:36:14');
INSERT INTO `messages` (`id`, `from_user_id`, `to_user_id`, `txt`, `is_delivered`, `created_at`, `update_at`) VALUES ('184', '5', '51', 'Molestias laboriosam illum ratione consectetur. Laudantium velit rerum eum sint. Veritatis nulla placeat explicabo commodi.', 0, '2001-05-31 06:01:33', '2018-08-20 16:45:04');
INSERT INTO `messages` (`id`, `from_user_id`, `to_user_id`, `txt`, `is_delivered`, `created_at`, `update_at`) VALUES ('185', '5', '86', 'Quo commodi nesciunt possimus enim fuga ducimus. Dolorum qui blanditiis est illum minima quae minus. Exercitationem ab labore dolorem rerum explicabo aut ut error. Eaque quo et aliquid quia culpa delectus quis.', 0, '1991-02-02 19:27:43', '2010-07-25 14:51:38');
INSERT INTO `messages` (`id`, `from_user_id`, `to_user_id`, `txt`, `is_delivered`, `created_at`, `update_at`) VALUES ('186', '80', '2', 'Aliquid deleniti minima deserunt tempore quo quibusdam quam. Voluptatibus voluptate omnis laboriosam rem. Et repellendus sapiente quibusdam vel. Provident eos officiis aut quam culpa.', 1, '1998-12-02 13:53:47', '2008-09-06 11:53:34');
INSERT INTO `messages` (`id`, `from_user_id`, `to_user_id`, `txt`, `is_delivered`, `created_at`, `update_at`) VALUES ('187', '50', '38', 'Blanditiis placeat hic quo et unde voluptatem quo. Corporis aut dolores autem porro aut. Iusto quo nihil quod voluptatem.', 1, '2007-05-02 15:30:04', '1990-10-08 19:33:52');
INSERT INTO `messages` (`id`, `from_user_id`, `to_user_id`, `txt`, `is_delivered`, `created_at`, `update_at`) VALUES ('188', '4', '27', 'Ea dolore quasi eum consequatur inventore et facilis. Architecto incidunt delectus veritatis nesciunt. Neque nulla sit dolor eligendi ut mollitia voluptatem iusto. Itaque nisi et quo quis molestiae quas debitis et.', 0, '1994-06-15 00:49:31', '2004-07-25 00:03:18');
INSERT INTO `messages` (`id`, `from_user_id`, `to_user_id`, `txt`, `is_delivered`, `created_at`, `update_at`) VALUES ('189', '78', '33', 'Et delectus sapiente earum ut. Cupiditate explicabo et quo et eligendi. Ratione aut aut sapiente odio voluptates voluptatem eum.', 1, '2013-11-29 16:39:07', '2002-01-15 21:50:31');
INSERT INTO `messages` (`id`, `from_user_id`, `to_user_id`, `txt`, `is_delivered`, `created_at`, `update_at`) VALUES ('190', '20', '2', 'Minima accusantium occaecati odio ut. Atque excepturi voluptas quas nisi architecto. Laudantium possimus itaque fugit et quam ab ut. Sit incidunt labore quis porro.', 0, '2011-11-12 04:14:26', '1999-03-15 22:18:41');
INSERT INTO `messages` (`id`, `from_user_id`, `to_user_id`, `txt`, `is_delivered`, `created_at`, `update_at`) VALUES ('191', '92', '8', 'Quidem dolorem eligendi adipisci et voluptas quidem velit. Vitae et et ut consectetur consectetur et. Autem minima autem esse iure in tempora architecto.', 1, '1999-07-31 11:30:33', '2001-08-09 12:33:12');
INSERT INTO `messages` (`id`, `from_user_id`, `to_user_id`, `txt`, `is_delivered`, `created_at`, `update_at`) VALUES ('192', '94', '14', 'Ullam placeat et eum maiores dolorem sapiente consequatur. Iusto omnis voluptates tempore possimus.', 0, '2011-07-18 00:04:04', '1996-08-28 14:54:38');
INSERT INTO `messages` (`id`, `from_user_id`, `to_user_id`, `txt`, `is_delivered`, `created_at`, `update_at`) VALUES ('193', '65', '45', 'Nemo voluptatem eius similique temporibus modi accusamus magnam. Quae nesciunt sit quod deserunt illum nesciunt officia. Perspiciatis culpa consequatur velit.', 0, '2015-06-20 03:34:35', '2013-09-21 23:05:11');
INSERT INTO `messages` (`id`, `from_user_id`, `to_user_id`, `txt`, `is_delivered`, `created_at`, `update_at`) VALUES ('194', '27', '87', 'Reprehenderit ut harum ex. Quis et ipsam veritatis quod laudantium aperiam. Et doloremque nesciunt quibusdam. Eos voluptatem id officiis autem animi non autem.', 0, '1983-06-11 19:16:43', '1971-11-07 02:19:44');
INSERT INTO `messages` (`id`, `from_user_id`, `to_user_id`, `txt`, `is_delivered`, `created_at`, `update_at`) VALUES ('195', '38', '80', 'Nisi quod laboriosam maiores quidem. Et aut cumque fugiat rem dolorem. Aut ut totam fuga ipsa ex optio. Nihil aut cumque ab necessitatibus.', 0, '2021-05-13 00:01:31', '2005-03-18 19:34:53');
INSERT INTO `messages` (`id`, `from_user_id`, `to_user_id`, `txt`, `is_delivered`, `created_at`, `update_at`) VALUES ('196', '65', '3', 'Enim repellendus blanditiis est voluptatem. Ea quia et quis eius provident. Consequuntur consectetur asperiores dolor nihil. Est culpa perspiciatis vero sed id dolor.', 1, '1981-10-01 19:48:22', '1994-08-22 16:12:50');
INSERT INTO `messages` (`id`, `from_user_id`, `to_user_id`, `txt`, `is_delivered`, `created_at`, `update_at`) VALUES ('197', '40', '55', 'Repudiandae repellat temporibus omnis incidunt aspernatur delectus vel. Asperiores recusandae consequatur ad quam quia et. Repellendus deserunt adipisci rerum.', 1, '1990-02-14 03:16:17', '2008-11-21 19:00:35');
INSERT INTO `messages` (`id`, `from_user_id`, `to_user_id`, `txt`, `is_delivered`, `created_at`, `update_at`) VALUES ('198', '32', '56', 'Et odit quos quidem est. Sit corporis nisi voluptas sit ex exercitationem est. Quia quidem dolor aut et dolor et voluptatem. Odio modi veritatis aut voluptas.', 0, '2014-11-21 22:10:57', '1996-05-14 14:35:44');
INSERT INTO `messages` (`id`, `from_user_id`, `to_user_id`, `txt`, `is_delivered`, `created_at`, `update_at`) VALUES ('199', '89', '36', 'Eos sed sequi illum voluptatem eum eos. Error at praesentium laboriosam nisi voluptas. Necessitatibus sint dicta eveniet veniam non excepturi.', 0, '2013-09-28 11:51:31', '2011-12-12 02:15:15');
INSERT INTO `messages` (`id`, `from_user_id`, `to_user_id`, `txt`, `is_delivered`, `created_at`, `update_at`) VALUES ('200', '7', '94', 'Doloribus ut non enim in et eos similique. Officia sint et perferendis iure eius fugit architecto. Sint dolores laborum soluta libero consequuntur. Et mollitia voluptates animi itaque.', 0, '1986-09-07 11:38:16', '1976-12-11 18:10:07');
INSERT INTO `messages` (`id`, `from_user_id`, `to_user_id`, `txt`, `is_delivered`, `created_at`, `update_at`) VALUES ('201', '21', '87', 'Consectetur qui deserunt est tempore corrupti et officiis. Dolore harum hic ullam laborum et non sequi. Voluptatibus cumque et asperiores quaerat qui maiores itaque.', 0, '1985-05-28 14:50:09', '1971-07-18 17:14:22');
INSERT INTO `messages` (`id`, `from_user_id`, `to_user_id`, `txt`, `is_delivered`, `created_at`, `update_at`) VALUES ('202', '95', '71', 'Dicta voluptatum qui laborum quae. Sequi adipisci cumque vero qui magni. Ut exercitationem facere nihil sunt aliquam est et.', 1, '1994-12-10 16:59:27', '2014-02-27 20:55:29');
INSERT INTO `messages` (`id`, `from_user_id`, `to_user_id`, `txt`, `is_delivered`, `created_at`, `update_at`) VALUES ('203', '24', '99', 'Porro quo nesciunt molestiae odit et aspernatur. Non est tenetur a dolorem. Ut soluta explicabo ducimus hic porro omnis aut. Eaque aut quae aliquid eum exercitationem perferendis blanditiis.', 1, '1979-03-07 04:55:01', '1987-03-14 15:55:54');
INSERT INTO `messages` (`id`, `from_user_id`, `to_user_id`, `txt`, `is_delivered`, `created_at`, `update_at`) VALUES ('204', '97', '2', 'Incidunt perspiciatis modi sit perferendis veritatis. Amet culpa harum minus nemo. Velit odio autem atque repudiandae nihil. Facere libero molestiae cupiditate veritatis exercitationem praesentium.', 0, '1996-03-04 12:20:46', '1986-09-17 01:53:22');
INSERT INTO `messages` (`id`, `from_user_id`, `to_user_id`, `txt`, `is_delivered`, `created_at`, `update_at`) VALUES ('205', '31', '17', 'Dicta laboriosam quo quis sed. Debitis ipsam qui mollitia sed dignissimos. Tenetur aut qui iure aut tenetur voluptatem qui quod. Et provident aut repellat suscipit.', 1, '1971-01-30 00:07:54', '1998-09-12 08:32:50');
INSERT INTO `messages` (`id`, `from_user_id`, `to_user_id`, `txt`, `is_delivered`, `created_at`, `update_at`) VALUES ('206', '3', '22', 'Dolores nemo dignissimos tenetur corrupti. Odit est consequatur mollitia earum expedita laudantium magni. Eveniet numquam ipsum illo aut et molestiae ab voluptas. Consequuntur id ducimus neque excepturi.', 0, '1992-05-29 02:31:30', '2015-07-04 04:42:48');
INSERT INTO `messages` (`id`, `from_user_id`, `to_user_id`, `txt`, `is_delivered`, `created_at`, `update_at`) VALUES ('207', '25', '97', 'Voluptates quia unde qui dolorum minima architecto. Esse quae maxime deserunt quos magnam unde enim velit. Debitis ea quia aspernatur expedita quia eos et. Ab modi facilis et.', 1, '2010-11-30 18:53:53', '1975-08-18 13:41:23');
INSERT INTO `messages` (`id`, `from_user_id`, `to_user_id`, `txt`, `is_delivered`, `created_at`, `update_at`) VALUES ('208', '36', '89', 'Culpa ratione quia et hic. Repellat delectus qui accusamus perferendis voluptas natus. Adipisci sunt molestias odit quasi possimus consequatur. Quam assumenda id est qui. Et voluptas eos sed tempora quo.', 1, '1986-12-24 11:02:07', '1996-06-14 08:57:04');
INSERT INTO `messages` (`id`, `from_user_id`, `to_user_id`, `txt`, `is_delivered`, `created_at`, `update_at`) VALUES ('209', '42', '62', 'Consequatur ducimus adipisci rerum facere nisi. Consequuntur a aut sint minima. Necessitatibus sunt quia quisquam placeat. Dicta et adipisci ea quia quasi sint.', 1, '2011-01-19 13:40:05', '1971-01-06 11:42:59');
INSERT INTO `messages` (`id`, `from_user_id`, `to_user_id`, `txt`, `is_delivered`, `created_at`, `update_at`) VALUES ('210', '76', '79', 'Omnis nostrum recusandae expedita omnis praesentium. Nisi quos officiis optio voluptate ut ut sint tempore. Commodi molestiae minima eligendi.', 1, '2009-04-15 02:47:58', '1987-08-31 23:25:52');
INSERT INTO `messages` (`id`, `from_user_id`, `to_user_id`, `txt`, `is_delivered`, `created_at`, `update_at`) VALUES ('211', '42', '41', 'Rem et sed modi. Modi non consequuntur omnis deserunt aut enim nobis. Dolor temporibus laboriosam laborum autem ipsa. Et vero corrupti eos earum.', 0, '1979-01-08 18:52:33', '1977-01-25 18:46:41');
INSERT INTO `messages` (`id`, `from_user_id`, `to_user_id`, `txt`, `is_delivered`, `created_at`, `update_at`) VALUES ('212', '82', '82', 'In nobis autem sunt numquam quod totam quae. Sint aut doloribus harum culpa. Aut nostrum temporibus qui praesentium nostrum sed tempora. Quis dicta qui qui voluptatibus et voluptate quae.', 0, '1990-10-16 23:06:43', '1995-09-30 22:50:50');
INSERT INTO `messages` (`id`, `from_user_id`, `to_user_id`, `txt`, `is_delivered`, `created_at`, `update_at`) VALUES ('213', '95', '13', 'Voluptas cupiditate voluptas ut sunt culpa neque accusamus. Exercitationem eum qui deserunt. Nobis consequatur sed magni quaerat praesentium. Eos quis voluptates sit omnis laudantium provident eaque accusamus.', 0, '1982-01-05 09:48:24', '2012-02-17 10:16:00');
INSERT INTO `messages` (`id`, `from_user_id`, `to_user_id`, `txt`, `is_delivered`, `created_at`, `update_at`) VALUES ('214', '37', '84', 'Ea ducimus provident eum velit illum modi. Dolores velit sed sapiente voluptates sed dolorem voluptatem. Fugiat ratione qui a error maiores. Sequi tenetur ut reiciendis labore.', 0, '2001-11-17 10:25:37', '2021-01-21 06:53:29');
INSERT INTO `messages` (`id`, `from_user_id`, `to_user_id`, `txt`, `is_delivered`, `created_at`, `update_at`) VALUES ('215', '49', '44', 'Enim ut est id ut. Placeat distinctio aut dolorum aspernatur consequuntur. Est qui et excepturi nihil. Nemo voluptates et ipsa dolores id consectetur cum.', 0, '2000-08-18 05:31:43', '1997-08-27 03:03:28');
INSERT INTO `messages` (`id`, `from_user_id`, `to_user_id`, `txt`, `is_delivered`, `created_at`, `update_at`) VALUES ('216', '78', '69', 'Repellat iure aut itaque provident voluptates culpa nihil. Quia facere impedit neque nihil praesentium animi voluptatibus aut. Quia dolor dolorem quia sint quam praesentium nostrum.', 1, '1998-10-03 13:11:37', '2002-09-15 23:47:41');
INSERT INTO `messages` (`id`, `from_user_id`, `to_user_id`, `txt`, `is_delivered`, `created_at`, `update_at`) VALUES ('217', '30', '72', 'Enim quam nisi quia cupiditate non voluptates ut. Voluptas saepe vel voluptas velit quia cupiditate. Voluptatibus corporis sit minus quaerat dolorem. Consequuntur voluptatem pariatur atque.', 0, '1974-04-29 05:37:11', '2006-11-24 08:38:59');
INSERT INTO `messages` (`id`, `from_user_id`, `to_user_id`, `txt`, `is_delivered`, `created_at`, `update_at`) VALUES ('218', '40', '53', 'Minus quo eos quis amet animi. Est vitae voluptas repellendus est quidem quo nemo. Nulla labore voluptas aut voluptas consequatur.', 1, '2006-12-04 10:09:40', '1994-12-13 11:04:45');
INSERT INTO `messages` (`id`, `from_user_id`, `to_user_id`, `txt`, `is_delivered`, `created_at`, `update_at`) VALUES ('219', '71', '37', 'Sit id et quae assumenda autem numquam. Perspiciatis aspernatur est itaque expedita. Dolore sunt repellendus molestias dolorum velit eum.', 0, '2003-11-20 02:03:26', '2003-05-04 14:16:49');
INSERT INTO `messages` (`id`, `from_user_id`, `to_user_id`, `txt`, `is_delivered`, `created_at`, `update_at`) VALUES ('220', '54', '1', 'Dignissimos sint eum voluptatum sint qui cum ducimus aspernatur. A quia voluptatem libero vel harum minima eligendi est. Doloremque debitis quas alias debitis beatae nihil ut reiciendis.', 0, '2005-04-12 03:03:34', '2006-06-16 16:46:40');
INSERT INTO `messages` (`id`, `from_user_id`, `to_user_id`, `txt`, `is_delivered`, `created_at`, `update_at`) VALUES ('221', '53', '57', 'Id nisi facilis enim rem. Repellat labore doloremque consequatur iste aut facilis beatae. Omnis est aut minus eveniet veritatis quo perspiciatis. Doloremque dolorum esse nam iure et.', 0, '1971-03-09 01:10:10', '1997-03-21 10:21:29');
INSERT INTO `messages` (`id`, `from_user_id`, `to_user_id`, `txt`, `is_delivered`, `created_at`, `update_at`) VALUES ('222', '23', '78', 'Quo aut itaque ducimus occaecati odit consequuntur. Ipsum sed numquam nostrum recusandae ratione voluptatum.', 0, '1999-07-30 03:43:47', '2002-01-17 18:45:42');
INSERT INTO `messages` (`id`, `from_user_id`, `to_user_id`, `txt`, `is_delivered`, `created_at`, `update_at`) VALUES ('223', '54', '58', 'Ut deleniti laudantium voluptas neque. Laborum expedita dolor eum illo ab.', 0, '2020-01-22 13:03:37', '2006-09-05 04:02:28');
INSERT INTO `messages` (`id`, `from_user_id`, `to_user_id`, `txt`, `is_delivered`, `created_at`, `update_at`) VALUES ('224', '67', '95', 'Animi ab vero beatae quod. Rerum id repellendus tempora iure. Velit ad nam adipisci officiis nemo autem voluptatem.', 1, '1981-10-12 11:15:31', '1992-06-28 14:43:39');
INSERT INTO `messages` (`id`, `from_user_id`, `to_user_id`, `txt`, `is_delivered`, `created_at`, `update_at`) VALUES ('225', '20', '42', 'Omnis voluptas corporis sunt et. Molestias enim ex eveniet minima. Quasi nam incidunt placeat vitae repellendus autem explicabo ducimus.', 1, '1987-10-23 16:41:16', '1980-09-27 18:17:18');
INSERT INTO `messages` (`id`, `from_user_id`, `to_user_id`, `txt`, `is_delivered`, `created_at`, `update_at`) VALUES ('226', '74', '61', 'Nostrum sit iste porro et commodi. Sed dolorum veritatis omnis ipsam voluptate.', 1, '2011-08-18 07:35:08', '2019-03-12 19:15:46');
INSERT INTO `messages` (`id`, `from_user_id`, `to_user_id`, `txt`, `is_delivered`, `created_at`, `update_at`) VALUES ('227', '83', '55', 'Voluptatem et aut dolorum corrupti nihil. Voluptatum quaerat doloribus ea eligendi. Qui dolore molestiae sit.', 0, '1980-08-04 12:08:12', '1988-01-21 08:42:10');
INSERT INTO `messages` (`id`, `from_user_id`, `to_user_id`, `txt`, `is_delivered`, `created_at`, `update_at`) VALUES ('228', '42', '78', 'Quis facere autem ut assumenda culpa. Rerum vitae commodi omnis doloremque voluptatem maiores animi. Necessitatibus provident consequatur asperiores sit enim.', 1, '2003-03-13 08:52:56', '1982-05-14 10:24:01');
INSERT INTO `messages` (`id`, `from_user_id`, `to_user_id`, `txt`, `is_delivered`, `created_at`, `update_at`) VALUES ('229', '67', '79', 'Vitae maxime pariatur numquam totam. Suscipit laborum delectus at.', 0, '2018-11-16 00:35:19', '1992-02-14 05:17:35');
INSERT INTO `messages` (`id`, `from_user_id`, `to_user_id`, `txt`, `is_delivered`, `created_at`, `update_at`) VALUES ('230', '61', '15', 'Aut maiores vitae sed nam. Eos cumque autem qui numquam debitis sequi vel. Atque molestias facere incidunt reiciendis sunt porro. Sit id dolore quaerat temporibus magnam.', 1, '1992-04-30 18:27:06', '2002-08-08 21:39:39');
INSERT INTO `messages` (`id`, `from_user_id`, `to_user_id`, `txt`, `is_delivered`, `created_at`, `update_at`) VALUES ('231', '23', '39', 'Ex in unde quia sed consequatur rerum. Facere asperiores modi consequatur odit quod. At maiores est maxime nihil sed tempora. Tempora voluptates sed consequatur exercitationem.', 1, '2005-10-25 19:40:48', '1984-05-23 18:13:11');
INSERT INTO `messages` (`id`, `from_user_id`, `to_user_id`, `txt`, `is_delivered`, `created_at`, `update_at`) VALUES ('232', '84', '52', 'Et illo aut et neque fuga. Corporis reprehenderit voluptatibus voluptatem culpa et quis. Quasi eum doloribus quod quo qui autem. Ducimus quia fugit provident tempora in quo.', 1, '1972-12-28 13:01:22', '1996-04-15 23:21:54');
INSERT INTO `messages` (`id`, `from_user_id`, `to_user_id`, `txt`, `is_delivered`, `created_at`, `update_at`) VALUES ('233', '10', '23', 'Temporibus sit dolores dignissimos quam tempora. Rerum vel cupiditate doloribus atque et esse.', 1, '2011-10-13 18:11:54', '2016-03-02 16:11:57');
INSERT INTO `messages` (`id`, `from_user_id`, `to_user_id`, `txt`, `is_delivered`, `created_at`, `update_at`) VALUES ('234', '5', '81', 'Nam et quia quaerat quae voluptates laborum. Et sit delectus impedit. Nam et non voluptatem molestiae ut tempora dolor.', 1, '1981-01-22 06:04:31', '2004-06-04 08:25:16');
INSERT INTO `messages` (`id`, `from_user_id`, `to_user_id`, `txt`, `is_delivered`, `created_at`, `update_at`) VALUES ('235', '59', '59', 'Repellat ad vero rem quia nostrum enim sed ex. Aut suscipit voluptatibus pariatur vero esse. Sint dolore aut nobis consequatur et et. Deleniti est est qui sed rerum occaecati.', 1, '1993-06-07 18:19:43', '2000-04-13 03:04:34');
INSERT INTO `messages` (`id`, `from_user_id`, `to_user_id`, `txt`, `is_delivered`, `created_at`, `update_at`) VALUES ('236', '82', '12', 'Et dolores et quo quos et. Illum fuga repellat autem dolor earum. A debitis doloremque fugiat quis distinctio earum.', 1, '1998-10-05 10:20:36', '2001-02-07 07:35:49');
INSERT INTO `messages` (`id`, `from_user_id`, `to_user_id`, `txt`, `is_delivered`, `created_at`, `update_at`) VALUES ('237', '16', '4', 'Accusamus repellendus quidem odit quis nisi accusamus mollitia ullam. Enim rerum laborum et voluptas aut.', 1, '2001-10-03 03:59:36', '1988-04-13 21:15:10');
INSERT INTO `messages` (`id`, `from_user_id`, `to_user_id`, `txt`, `is_delivered`, `created_at`, `update_at`) VALUES ('238', '90', '69', 'Atque minus saepe architecto ea esse. Praesentium tempora officia velit quia. Atque impedit atque cumque.', 1, '2021-01-18 01:52:28', '2014-05-12 04:39:24');
INSERT INTO `messages` (`id`, `from_user_id`, `to_user_id`, `txt`, `is_delivered`, `created_at`, `update_at`) VALUES ('239', '62', '56', 'Incidunt voluptate necessitatibus molestiae vitae cumque eius voluptatem. Ipsum facilis enim explicabo facilis autem quibusdam id non. Veritatis aut aut et.', 0, '1990-05-07 18:16:25', '2017-08-16 03:50:11');
INSERT INTO `messages` (`id`, `from_user_id`, `to_user_id`, `txt`, `is_delivered`, `created_at`, `update_at`) VALUES ('240', '63', '81', 'Dolores veniam ut nobis ipsam. Ut debitis modi dicta voluptas et tenetur architecto. Soluta quaerat natus aut magni eaque hic facere.', 1, '1993-06-08 22:21:17', '1976-04-30 19:48:38');
INSERT INTO `messages` (`id`, `from_user_id`, `to_user_id`, `txt`, `is_delivered`, `created_at`, `update_at`) VALUES ('241', '98', '37', 'Fugit ab dicta laborum sed aut perferendis aut. Et eius similique rerum reiciendis consectetur. Ut aliquam optio in odit.', 1, '2010-01-07 13:04:36', '2015-11-27 00:15:48');
INSERT INTO `messages` (`id`, `from_user_id`, `to_user_id`, `txt`, `is_delivered`, `created_at`, `update_at`) VALUES ('242', '41', '80', 'Aut non et quidem. Vel quo vel aliquid cumque sit. Est eum ut incidunt dolores sit eligendi quaerat aliquam. Non ipsum nostrum illo sint facere accusantium quae accusamus.', 1, '2005-03-01 21:20:25', '1971-02-03 14:52:13');
INSERT INTO `messages` (`id`, `from_user_id`, `to_user_id`, `txt`, `is_delivered`, `created_at`, `update_at`) VALUES ('243', '91', '83', 'Repudiandae officiis nemo aut omnis nihil voluptatem. Harum et expedita et est repellat. Sed quibusdam et voluptatem. Voluptas inventore molestiae sit. Aut suscipit at porro sit quibusdam harum enim.', 1, '1970-02-08 07:35:15', '2020-10-13 10:24:31');
INSERT INTO `messages` (`id`, `from_user_id`, `to_user_id`, `txt`, `is_delivered`, `created_at`, `update_at`) VALUES ('244', '57', '58', 'Quibusdam sunt ea quia magni optio animi quo. Adipisci aspernatur aliquid aut accusamus. Eaque error voluptatem et ut doloremque maiores harum.', 1, '2011-04-11 15:04:27', '2001-09-09 12:30:16');
INSERT INTO `messages` (`id`, `from_user_id`, `to_user_id`, `txt`, `is_delivered`, `created_at`, `update_at`) VALUES ('245', '61', '18', 'Omnis et provident ut blanditiis quibusdam. In consequatur commodi similique eos. Voluptatem iure omnis sed velit illum.', 0, '2001-02-03 15:57:43', '1994-12-21 00:03:10');
INSERT INTO `messages` (`id`, `from_user_id`, `to_user_id`, `txt`, `is_delivered`, `created_at`, `update_at`) VALUES ('246', '72', '83', 'Sequi ex maxime temporibus dolores doloremque nesciunt et quos. Accusantium laudantium blanditiis beatae aut asperiores sed.', 0, '1987-12-19 21:04:25', '1972-01-30 03:37:57');
INSERT INTO `messages` (`id`, `from_user_id`, `to_user_id`, `txt`, `is_delivered`, `created_at`, `update_at`) VALUES ('247', '56', '56', 'Commodi facilis totam officia qui sed animi. Tempore vel expedita amet provident velit quia.', 0, '2011-05-13 12:32:16', '1982-11-06 17:42:39');
INSERT INTO `messages` (`id`, `from_user_id`, `to_user_id`, `txt`, `is_delivered`, `created_at`, `update_at`) VALUES ('248', '35', '66', 'Nam nam repudiandae voluptas. Quo vel iusto ut omnis. Et exercitationem aut dolores molestiae.', 1, '1992-10-12 15:29:53', '1988-09-03 08:10:39');
INSERT INTO `messages` (`id`, `from_user_id`, `to_user_id`, `txt`, `is_delivered`, `created_at`, `update_at`) VALUES ('249', '79', '39', 'Sunt id sunt ut. Voluptatibus ipsum vero tenetur laudantium consequatur est. Distinctio fugit et quod sunt. Fuga aspernatur et officia voluptate fuga.', 0, '2004-05-01 03:54:52', '1971-08-08 22:12:11');
INSERT INTO `messages` (`id`, `from_user_id`, `to_user_id`, `txt`, `is_delivered`, `created_at`, `update_at`) VALUES ('250', '46', '37', 'Id quia sunt a dolorem est veritatis ut. Qui eum earum mollitia ab. Nemo aliquid ducimus et animi provident rem quae. Officia dolorem praesentium laudantium dolor laboriosam et animi.', 0, '1996-11-03 10:23:17', '2003-11-07 02:43:22');
INSERT INTO `messages` (`id`, `from_user_id`, `to_user_id`, `txt`, `is_delivered`, `created_at`, `update_at`) VALUES ('251', '98', '27', 'Sit omnis assumenda amet. Nihil pariatur voluptas assumenda officiis qui. Asperiores quasi temporibus recusandae et qui similique.', 1, '1984-02-23 12:33:22', '2002-04-28 03:39:36');
INSERT INTO `messages` (`id`, `from_user_id`, `to_user_id`, `txt`, `is_delivered`, `created_at`, `update_at`) VALUES ('252', '49', '13', 'Dolores veritatis iusto dolorem aut officiis repellendus consequatur. Deleniti perferendis nam laborum. Quia ipsam nesciunt aut voluptatem non.', 1, '2001-02-03 23:05:24', '2021-03-28 18:32:55');
INSERT INTO `messages` (`id`, `from_user_id`, `to_user_id`, `txt`, `is_delivered`, `created_at`, `update_at`) VALUES ('253', '31', '38', 'Earum libero molestias illum ut sunt impedit et. Reprehenderit quis fuga explicabo itaque nulla qui. Ea reiciendis fugiat quo rerum pariatur. Qui laborum ipsa ut saepe.', 1, '2001-05-04 12:00:40', '2005-03-19 19:38:17');
INSERT INTO `messages` (`id`, `from_user_id`, `to_user_id`, `txt`, `is_delivered`, `created_at`, `update_at`) VALUES ('254', '81', '92', 'Repellat aut delectus omnis a. Nihil sed ad velit ex. Sint voluptate modi autem eveniet omnis amet omnis reprehenderit. Omnis expedita quo exercitationem recusandae voluptatem ut non.', 0, '1986-02-17 16:20:24', '2000-08-03 14:55:37');
INSERT INTO `messages` (`id`, `from_user_id`, `to_user_id`, `txt`, `is_delivered`, `created_at`, `update_at`) VALUES ('255', '94', '44', 'Dicta sit quas asperiores iure tenetur est. Pariatur rerum nisi ut sunt.', 0, '1997-03-29 07:36:25', '1990-04-28 01:11:49');
INSERT INTO `messages` (`id`, `from_user_id`, `to_user_id`, `txt`, `is_delivered`, `created_at`, `update_at`) VALUES ('256', '72', '92', 'Minus illo modi hic aut non quia incidunt voluptatum. Harum sapiente officiis voluptatem iste itaque. Ut laboriosam dolorem delectus consequatur minus earum dignissimos et. Consequuntur sint eaque totam dicta inventore quia voluptas. Maiores aut rerum quasi inventore veritatis dicta ratione.', 0, '1999-03-29 08:10:46', '2010-09-29 13:13:03');
INSERT INTO `messages` (`id`, `from_user_id`, `to_user_id`, `txt`, `is_delivered`, `created_at`, `update_at`) VALUES ('257', '80', '13', 'Est est quam excepturi debitis necessitatibus aut. Tempore cum tempora eaque. Delectus eligendi ipsa tempora nostrum eos quo. Accusamus totam provident quod et.', 0, '2010-09-01 00:23:50', '2007-11-07 12:37:14');
INSERT INTO `messages` (`id`, `from_user_id`, `to_user_id`, `txt`, `is_delivered`, `created_at`, `update_at`) VALUES ('258', '71', '71', 'Culpa esse numquam dicta adipisci. Omnis vero et cupiditate necessitatibus rerum est.', 0, '2020-10-23 06:01:49', '1992-02-23 22:06:09');
INSERT INTO `messages` (`id`, `from_user_id`, `to_user_id`, `txt`, `is_delivered`, `created_at`, `update_at`) VALUES ('259', '96', '28', 'Sed molestiae laborum consequuntur necessitatibus minus expedita ipsum. Ratione quidem dignissimos repudiandae. Unde ut molestiae quam sed asperiores sed aut. Architecto ipsum aperiam non pariatur facilis quo. Similique a ut libero nesciunt quia et sed.', 1, '2016-07-16 19:57:46', '1998-02-05 13:23:14');
INSERT INTO `messages` (`id`, `from_user_id`, `to_user_id`, `txt`, `is_delivered`, `created_at`, `update_at`) VALUES ('260', '28', '57', 'Voluptatum assumenda odio similique quo. Quia voluptates laudantium aliquam aut. Iure saepe dolor facere. Voluptatum voluptas quia sunt ullam dolores magnam soluta.', 0, '1995-02-22 05:50:50', '2014-10-10 04:17:37');
INSERT INTO `messages` (`id`, `from_user_id`, `to_user_id`, `txt`, `is_delivered`, `created_at`, `update_at`) VALUES ('261', '46', '99', 'Fuga molestiae ea et est ex eos. Nam atque officia ut. Qui voluptas dolores ipsa suscipit voluptate sapiente. Doloremque distinctio exercitationem sunt ut.', 1, '1984-11-11 17:24:19', '2000-04-19 23:28:39');
INSERT INTO `messages` (`id`, `from_user_id`, `to_user_id`, `txt`, `is_delivered`, `created_at`, `update_at`) VALUES ('262', '40', '1', 'Aliquid magni impedit et aliquid sunt. Ea natus cupiditate et ipsum. Culpa delectus facilis totam deleniti et rerum sint.', 1, '1978-05-03 17:20:46', '2013-05-18 07:00:29');
INSERT INTO `messages` (`id`, `from_user_id`, `to_user_id`, `txt`, `is_delivered`, `created_at`, `update_at`) VALUES ('263', '55', '74', 'Id tenetur sint voluptates veniam ut. Fugit sit quia consequatur sunt veritatis voluptatem. Iste repudiandae deleniti ducimus impedit totam quasi eos.', 1, '1970-03-21 03:06:28', '2016-10-19 09:26:23');
INSERT INTO `messages` (`id`, `from_user_id`, `to_user_id`, `txt`, `is_delivered`, `created_at`, `update_at`) VALUES ('264', '67', '33', 'Et enim repellendus nemo minima nesciunt. Temporibus nam sit aut. Totam ab quas nisi voluptas dolor. Eaque laborum error laudantium sit. Neque repellendus alias est.', 1, '1979-12-22 08:11:14', '1982-04-03 20:07:26');
INSERT INTO `messages` (`id`, `from_user_id`, `to_user_id`, `txt`, `is_delivered`, `created_at`, `update_at`) VALUES ('265', '13', '13', 'Incidunt perspiciatis quidem vel porro eligendi vel non. Ut dicta officiis laboriosam eius reprehenderit numquam. Impedit pariatur atque dolores aut soluta corporis cumque. Est aspernatur autem vel voluptatem in.', 0, '1995-12-16 14:28:28', '1993-06-04 19:38:11');
INSERT INTO `messages` (`id`, `from_user_id`, `to_user_id`, `txt`, `is_delivered`, `created_at`, `update_at`) VALUES ('266', '70', '11', 'Labore eius exercitationem sit. Rerum sed rerum aut veritatis. Est alias eos quia mollitia veniam nesciunt omnis. Ipsam cupiditate quos provident.', 0, '1974-12-21 06:45:40', '1982-03-18 13:36:19');
INSERT INTO `messages` (`id`, `from_user_id`, `to_user_id`, `txt`, `is_delivered`, `created_at`, `update_at`) VALUES ('267', '39', '18', 'Sint saepe voluptatem iure eum similique. Rerum est et aut veritatis nam vel. Quam reiciendis at occaecati ullam sunt aperiam repellat. Voluptatem aliquam dolores dolorem autem ea sed exercitationem rerum.', 1, '1970-08-18 07:06:57', '1990-01-08 00:01:12');
INSERT INTO `messages` (`id`, `from_user_id`, `to_user_id`, `txt`, `is_delivered`, `created_at`, `update_at`) VALUES ('268', '23', '70', 'Saepe vel praesentium necessitatibus magni accusantium. Nam ut officiis necessitatibus itaque dolore voluptatem. Quisquam quasi sunt ea necessitatibus itaque sequi aut.', 1, '1973-11-20 17:42:02', '1975-03-22 15:34:41');
INSERT INTO `messages` (`id`, `from_user_id`, `to_user_id`, `txt`, `is_delivered`, `created_at`, `update_at`) VALUES ('269', '56', '4', 'Aperiam quia nemo odit. Harum dolore provident molestiae doloremque sequi. Quibusdam est soluta explicabo qui exercitationem ea architecto nostrum.', 1, '1983-05-07 14:18:38', '1987-01-27 21:35:33');
INSERT INTO `messages` (`id`, `from_user_id`, `to_user_id`, `txt`, `is_delivered`, `created_at`, `update_at`) VALUES ('270', '62', '50', 'Tempora earum tenetur nobis iure ullam. Dolorum quidem dolores rerum est ut. Sit fugit delectus corrupti dicta quod est. Error quod quo non et reiciendis optio.', 0, '1985-05-02 19:35:45', '1993-07-15 05:50:25');
INSERT INTO `messages` (`id`, `from_user_id`, `to_user_id`, `txt`, `is_delivered`, `created_at`, `update_at`) VALUES ('271', '47', '34', 'Adipisci eum libero quo et. Est enim omnis numquam non qui. Id repudiandae praesentium aut deleniti natus est totam. Saepe sit ratione quia perferendis culpa.', 1, '2016-05-21 22:52:11', '2001-08-07 23:02:56');
INSERT INTO `messages` (`id`, `from_user_id`, `to_user_id`, `txt`, `is_delivered`, `created_at`, `update_at`) VALUES ('272', '41', '27', 'Doloribus sit ipsum dolor suscipit doloremque laudantium. Autem quia libero inventore earum maxime voluptatem non. Dolores iusto id sapiente.', 1, '1986-06-12 16:57:44', '1981-09-02 23:45:09');
INSERT INTO `messages` (`id`, `from_user_id`, `to_user_id`, `txt`, `is_delivered`, `created_at`, `update_at`) VALUES ('273', '46', '12', 'Ullam accusamus sunt dolor quis laudantium. Esse sunt incidunt repellendus atque soluta. Sequi fugit cum tempora debitis vero amet. Dolor sit quia et inventore harum.', 0, '1990-09-26 02:24:23', '1998-07-22 22:53:09');
INSERT INTO `messages` (`id`, `from_user_id`, `to_user_id`, `txt`, `is_delivered`, `created_at`, `update_at`) VALUES ('274', '97', '42', 'Animi optio in et deserunt et ullam harum. A quibusdam quos est. Quidem modi vel ut et nesciunt aliquam veritatis. Aut laborum voluptas cupiditate nostrum recusandae qui quod voluptatem.', 1, '1979-02-28 01:50:38', '1973-09-29 03:03:39');
INSERT INTO `messages` (`id`, `from_user_id`, `to_user_id`, `txt`, `is_delivered`, `created_at`, `update_at`) VALUES ('275', '39', '24', 'Laudantium eos omnis laborum est facilis. Sequi numquam et consectetur enim.', 1, '1997-03-28 21:13:48', '2016-08-24 11:59:11');
INSERT INTO `messages` (`id`, `from_user_id`, `to_user_id`, `txt`, `is_delivered`, `created_at`, `update_at`) VALUES ('276', '98', '84', 'Molestiae ipsam ab blanditiis recusandae aperiam dolores. Et cumque ut et quos sint. Et consequatur deserunt velit et eum magni. Placeat vel incidunt quae ut.', 0, '2021-04-13 10:26:28', '2017-06-06 09:06:12');
INSERT INTO `messages` (`id`, `from_user_id`, `to_user_id`, `txt`, `is_delivered`, `created_at`, `update_at`) VALUES ('277', '23', '37', 'Quia autem voluptate repellendus fugit qui. Ut dolores quasi et et. Deleniti fugiat dolorem laboriosam tempore. Facilis sit aut consequatur nemo aut.', 0, '1987-01-14 22:15:31', '1986-01-20 02:02:23');
INSERT INTO `messages` (`id`, `from_user_id`, `to_user_id`, `txt`, `is_delivered`, `created_at`, `update_at`) VALUES ('278', '85', '78', 'Enim dolore atque aut minus. Sunt est in cumque ipsam. Error dicta doloribus laudantium ab incidunt. Eligendi aut sunt officia enim optio quis.', 0, '2006-11-30 00:23:46', '2020-11-07 20:03:45');
INSERT INTO `messages` (`id`, `from_user_id`, `to_user_id`, `txt`, `is_delivered`, `created_at`, `update_at`) VALUES ('279', '11', '51', 'Numquam vero autem sint. Vel qui natus qui quia blanditiis repellendus rem. Sunt error maxime ipsa eius dolores. Ipsam eveniet quis mollitia eius. Officia numquam deleniti natus vel voluptatem tempora sint quae.', 0, '1976-11-25 03:20:46', '1970-04-24 14:12:05');
INSERT INTO `messages` (`id`, `from_user_id`, `to_user_id`, `txt`, `is_delivered`, `created_at`, `update_at`) VALUES ('280', '10', '23', 'Quae placeat explicabo similique dolores. Qui totam odio quasi atque inventore et. Sequi tempore omnis ut.', 1, '1971-02-20 08:43:55', '2018-08-06 08:10:23');
INSERT INTO `messages` (`id`, `from_user_id`, `to_user_id`, `txt`, `is_delivered`, `created_at`, `update_at`) VALUES ('281', '63', '79', 'Minima corrupti totam et quod officiis corporis qui. Doloremque est quos voluptas consequuntur. Odit consequuntur aliquam ipsum. Cupiditate veniam voluptatem laudantium a aperiam quasi non ex. Ab aliquam iusto sunt et alias voluptas.', 0, '1993-10-06 02:51:13', '2009-01-13 07:24:56');
INSERT INTO `messages` (`id`, `from_user_id`, `to_user_id`, `txt`, `is_delivered`, `created_at`, `update_at`) VALUES ('282', '33', '2', 'Ducimus ducimus porro aliquam. Aspernatur illum doloribus inventore expedita doloribus. Quasi omnis molestiae est dolor cum ea. Praesentium consequuntur voluptas nemo voluptatem praesentium omnis.', 1, '2009-11-06 18:12:24', '2012-12-13 05:18:45');
INSERT INTO `messages` (`id`, `from_user_id`, `to_user_id`, `txt`, `is_delivered`, `created_at`, `update_at`) VALUES ('283', '97', '56', 'Facilis in consequuntur et nobis. Eligendi quidem eos ut. Consequuntur esse velit deleniti nulla fuga. In vel facilis voluptatem aperiam neque aut impedit.', 1, '1993-01-20 16:20:41', '2017-10-06 13:30:41');
INSERT INTO `messages` (`id`, `from_user_id`, `to_user_id`, `txt`, `is_delivered`, `created_at`, `update_at`) VALUES ('284', '72', '53', 'Voluptas corrupti laboriosam ullam non. Aut aperiam itaque eos molestiae. Quia et sit delectus laboriosam.', 0, '1972-12-20 15:01:28', '2003-05-11 02:52:51');
INSERT INTO `messages` (`id`, `from_user_id`, `to_user_id`, `txt`, `is_delivered`, `created_at`, `update_at`) VALUES ('285', '59', '33', 'Id non ut autem sunt unde. Necessitatibus voluptas voluptatibus animi sint qui numquam aut et. Suscipit nostrum sequi tempore quasi fugiat cumque ut. Eos aut aliquam molestias unde nihil id ea.', 1, '1997-12-28 11:22:03', '2005-12-07 12:20:58');
INSERT INTO `messages` (`id`, `from_user_id`, `to_user_id`, `txt`, `is_delivered`, `created_at`, `update_at`) VALUES ('286', '2', '6', 'Neque eius ex voluptatem consequuntur et. Aperiam commodi sapiente reiciendis necessitatibus illum. Quibusdam maxime harum est ex nobis quaerat dolor. Dolorem repellat architecto perferendis et. Expedita rem et culpa impedit fugiat nostrum repellat in.', 0, '2003-05-13 04:53:41', '2011-05-26 05:06:46');
INSERT INTO `messages` (`id`, `from_user_id`, `to_user_id`, `txt`, `is_delivered`, `created_at`, `update_at`) VALUES ('287', '66', '43', 'Perferendis ut et ea aut incidunt ipsam maiores vero. Quos earum quis quis rem repellat illum. Minus eum beatae neque veritatis.', 0, '1997-09-11 07:56:41', '1982-03-09 06:55:03');
INSERT INTO `messages` (`id`, `from_user_id`, `to_user_id`, `txt`, `is_delivered`, `created_at`, `update_at`) VALUES ('288', '33', '12', 'Et autem est rerum alias nisi non fugiat tenetur. Possimus et rerum tenetur qui est at adipisci. Sequi itaque est vel ea adipisci quo neque. Eius voluptatem quam accusamus. Eveniet debitis aut est.', 0, '1986-09-07 14:32:44', '2005-01-23 17:43:32');
INSERT INTO `messages` (`id`, `from_user_id`, `to_user_id`, `txt`, `is_delivered`, `created_at`, `update_at`) VALUES ('289', '54', '29', 'Qui hic dolorem autem suscipit unde. Beatae et vel hic occaecati aliquid. Nihil omnis est aspernatur quae ab quis sit aut.', 0, '1991-06-21 08:22:52', '1979-09-17 10:13:48');
INSERT INTO `messages` (`id`, `from_user_id`, `to_user_id`, `txt`, `is_delivered`, `created_at`, `update_at`) VALUES ('290', '53', '93', 'Quae laudantium natus dignissimos ea eveniet. Non illum ea qui. Id quibusdam ratione molestiae dignissimos alias et. Voluptate et sed quidem. Sapiente voluptatibus recusandae in ipsa ipsam et consectetur.', 0, '1986-11-08 19:02:11', '1979-02-17 09:07:57');
INSERT INTO `messages` (`id`, `from_user_id`, `to_user_id`, `txt`, `is_delivered`, `created_at`, `update_at`) VALUES ('291', '53', '50', 'Iste ipsa est quis commodi nostrum. Cupiditate minus cum nam quidem voluptatum suscipit.', 0, '1993-04-01 10:25:42', '1981-09-09 09:58:40');
INSERT INTO `messages` (`id`, `from_user_id`, `to_user_id`, `txt`, `is_delivered`, `created_at`, `update_at`) VALUES ('292', '77', '76', 'Repellendus eveniet laborum quia mollitia vel perferendis est. Quis enim et libero modi asperiores. Incidunt voluptates aut voluptatem voluptatem non eaque. Quibusdam est ut eligendi omnis.', 0, '1972-02-23 18:18:44', '1972-04-19 04:06:32');
INSERT INTO `messages` (`id`, `from_user_id`, `to_user_id`, `txt`, `is_delivered`, `created_at`, `update_at`) VALUES ('293', '86', '61', 'Voluptate nobis aut voluptas doloribus aut. Vel id quae error fuga qui. Sit ipsam accusantium sequi.', 1, '1979-01-05 18:34:07', '1998-07-08 08:00:03');
INSERT INTO `messages` (`id`, `from_user_id`, `to_user_id`, `txt`, `is_delivered`, `created_at`, `update_at`) VALUES ('294', '53', '97', 'Consectetur sint quo tempore assumenda temporibus aut et. Esse quo modi recusandae deserunt. Hic rerum nihil et velit.', 1, '2002-06-13 18:58:21', '2017-09-13 21:48:31');
INSERT INTO `messages` (`id`, `from_user_id`, `to_user_id`, `txt`, `is_delivered`, `created_at`, `update_at`) VALUES ('295', '12', '63', 'Recusandae laudantium veritatis qui voluptas a quos. Cupiditate dolor et aut consequatur. Dolorum eos deserunt cumque eaque.', 1, '2020-08-22 06:21:02', '1997-10-14 06:54:49');
INSERT INTO `messages` (`id`, `from_user_id`, `to_user_id`, `txt`, `is_delivered`, `created_at`, `update_at`) VALUES ('296', '19', '75', 'Debitis maxime esse quo aliquid error. Sunt beatae quia consectetur autem. Vitae ex omnis autem quisquam ipsam. Debitis in commodi reprehenderit architecto aut. Accusamus minus suscipit qui illum et.', 1, '1973-03-07 07:20:35', '2002-05-11 05:41:28');
INSERT INTO `messages` (`id`, `from_user_id`, `to_user_id`, `txt`, `is_delivered`, `created_at`, `update_at`) VALUES ('297', '41', '52', 'Et modi aut cupiditate cumque quidem qui rerum in. Qui amet eum vel et. Ea ea reiciendis ut sit tenetur repellat ipsa. Soluta soluta atque est alias aperiam voluptas.', 0, '2014-10-14 03:33:38', '2008-07-16 14:43:59');
INSERT INTO `messages` (`id`, `from_user_id`, `to_user_id`, `txt`, `is_delivered`, `created_at`, `update_at`) VALUES ('298', '77', '38', 'Molestiae laborum molestias ut sequi. Repudiandae vero id repellendus sit. Quia quo delectus nostrum qui quibusdam reiciendis quis. Quibusdam neque sed ex ut temporibus nemo molestiae. Facere expedita explicabo et in.', 1, '2002-08-25 22:21:48', '1995-09-27 03:59:33');
INSERT INTO `messages` (`id`, `from_user_id`, `to_user_id`, `txt`, `is_delivered`, `created_at`, `update_at`) VALUES ('299', '7', '49', 'Excepturi sequi aut sequi veniam et. Ut aliquid facilis enim omnis harum et iusto adipisci. Ut rerum natus et eos. Molestias nobis incidunt modi vitae quia id temporibus. Eligendi voluptatem sed labore quis ipsum fuga dolore.', 0, '1977-04-11 19:40:04', '1997-09-04 03:08:07');
INSERT INTO `messages` (`id`, `from_user_id`, `to_user_id`, `txt`, `is_delivered`, `created_at`, `update_at`) VALUES ('300', '90', '66', 'Nihil omnis animi est omnis est excepturi voluptates. Aut quis impedit nemo eaque accusamus. Sit dignissimos maiores magni reiciendis facere.', 1, '2003-01-16 09:23:39', '1975-08-06 07:20:59');
INSERT INTO `messages` (`id`, `from_user_id`, `to_user_id`, `txt`, `is_delivered`, `created_at`, `update_at`) VALUES ('301', '81', '92', 'Amet assumenda id natus nihil. Odit unde vero quaerat dolore officia sed qui ex. Officiis ducimus sunt blanditiis in ratione et ut eos. Voluptas quo non dolores.', 0, '1995-11-04 22:56:18', '2011-04-03 17:12:32');
INSERT INTO `messages` (`id`, `from_user_id`, `to_user_id`, `txt`, `is_delivered`, `created_at`, `update_at`) VALUES ('302', '71', '46', 'Qui culpa sed a dolor. Voluptatum nesciunt ipsum ut ea animi voluptatem. Labore est ea ut voluptas voluptatibus iure id ducimus.', 1, '1978-01-09 15:05:49', '1978-09-04 09:37:01');
INSERT INTO `messages` (`id`, `from_user_id`, `to_user_id`, `txt`, `is_delivered`, `created_at`, `update_at`) VALUES ('303', '34', '3', 'Rerum quidem sint qui quae autem. Inventore corporis rerum nemo rerum consequatur vel. Aut dolores provident consectetur libero ratione voluptates. Et eveniet qui voluptatem qui deleniti aperiam qui perspiciatis.', 1, '1992-09-04 20:28:15', '2016-05-14 10:00:38');
INSERT INTO `messages` (`id`, `from_user_id`, `to_user_id`, `txt`, `is_delivered`, `created_at`, `update_at`) VALUES ('304', '58', '88', 'Tenetur eius velit quis provident vel. Sunt consequatur sit distinctio recusandae. Quae odit harum sunt odit.', 0, '1971-04-19 01:20:05', '2018-11-03 15:53:14');
INSERT INTO `messages` (`id`, `from_user_id`, `to_user_id`, `txt`, `is_delivered`, `created_at`, `update_at`) VALUES ('305', '32', '10', 'Iste ea ex sit illum esse. Voluptas quam pariatur quia. Consequuntur voluptatem inventore ad ratione et rerum. Qui molestias quo ut natus asperiores.', 1, '1983-04-12 03:18:36', '1990-11-04 15:38:43');
INSERT INTO `messages` (`id`, `from_user_id`, `to_user_id`, `txt`, `is_delivered`, `created_at`, `update_at`) VALUES ('306', '80', '85', 'Incidunt iusto dolorem vel et voluptatem. Consequatur consequatur harum quas ut corrupti libero animi. Consectetur totam quia laudantium quam non. Earum voluptatem soluta autem velit qui.', 0, '2013-03-09 09:56:18', '1991-06-28 06:06:11');
INSERT INTO `messages` (`id`, `from_user_id`, `to_user_id`, `txt`, `is_delivered`, `created_at`, `update_at`) VALUES ('307', '60', '57', 'Ut aut eius facilis itaque illo dolorem. Praesentium explicabo rerum blanditiis et nulla quia iste. Sit ab cupiditate quae aut.', 0, '2007-04-26 15:08:20', '1997-06-19 04:55:02');
INSERT INTO `messages` (`id`, `from_user_id`, `to_user_id`, `txt`, `is_delivered`, `created_at`, `update_at`) VALUES ('308', '61', '46', 'Sed nemo est qui aut. Ipsum veritatis repellendus aperiam debitis neque voluptatem praesentium repellat. Sit animi error architecto ut ullam ut.', 1, '1985-06-07 19:56:59', '1989-09-18 19:51:52');
INSERT INTO `messages` (`id`, `from_user_id`, `to_user_id`, `txt`, `is_delivered`, `created_at`, `update_at`) VALUES ('309', '18', '14', 'Odit quia veniam est qui ut error modi minima. Qui rem natus reiciendis earum rerum. Incidunt quam facere voluptates delectus et voluptatem.', 0, '2002-09-08 03:40:13', '2003-07-06 01:34:58');
INSERT INTO `messages` (`id`, `from_user_id`, `to_user_id`, `txt`, `is_delivered`, `created_at`, `update_at`) VALUES ('310', '42', '29', 'Aspernatur similique qui sunt similique ex sint facilis dolore. Aut ab omnis tempora placeat quo accusantium nobis. Corrupti eum nisi consectetur sit dolorum est sint commodi. Eaque eligendi consequatur aspernatur amet sit.', 0, '1972-04-09 12:54:08', '1973-09-19 04:42:23');
INSERT INTO `messages` (`id`, `from_user_id`, `to_user_id`, `txt`, `is_delivered`, `created_at`, `update_at`) VALUES ('311', '76', '61', 'Sed cupiditate et atque. Possimus fugit iure quos sed recusandae. Quia autem autem eos quidem quod est corrupti beatae. Quis aperiam officiis exercitationem voluptatem nam accusantium aut. Dolor autem sed perferendis.', 0, '1997-03-22 09:08:00', '1999-11-28 17:57:10');
INSERT INTO `messages` (`id`, `from_user_id`, `to_user_id`, `txt`, `is_delivered`, `created_at`, `update_at`) VALUES ('312', '4', '17', 'Numquam sed quidem minus rem quia qui voluptate. Vel voluptatem modi dolor vel eius unde. Consequatur illum itaque ut et quia optio praesentium. Vel illum asperiores dolorum alias velit aperiam officiis.', 1, '2021-02-23 01:05:44', '1987-10-10 09:16:50');
INSERT INTO `messages` (`id`, `from_user_id`, `to_user_id`, `txt`, `is_delivered`, `created_at`, `update_at`) VALUES ('313', '12', '81', 'Soluta qui dolores explicabo aut excepturi minima voluptas sint. Saepe consequatur rerum ea porro et neque et. Consequatur necessitatibus minus eveniet nihil.', 1, '1976-09-21 01:43:16', '1991-07-14 00:25:27');
INSERT INTO `messages` (`id`, `from_user_id`, `to_user_id`, `txt`, `is_delivered`, `created_at`, `update_at`) VALUES ('314', '54', '19', 'Reprehenderit sunt maxime architecto qui et veritatis. Autem aut ut eum tempore non. Molestias labore nihil omnis natus iusto provident sit.', 1, '1992-10-29 22:22:09', '1976-01-24 01:10:35');
INSERT INTO `messages` (`id`, `from_user_id`, `to_user_id`, `txt`, `is_delivered`, `created_at`, `update_at`) VALUES ('315', '29', '44', 'Perspiciatis eos accusamus asperiores dolor voluptatem qui maxime facilis. Sit et sed voluptatum earum aperiam et harum. Ut qui accusamus dolores sed est. Soluta veritatis distinctio deleniti delectus eveniet.', 0, '2004-11-03 02:34:20', '2010-12-24 16:55:27');
INSERT INTO `messages` (`id`, `from_user_id`, `to_user_id`, `txt`, `is_delivered`, `created_at`, `update_at`) VALUES ('316', '85', '10', 'Natus et laborum aut qui facilis excepturi aut. Accusantium eius est cumque fugit odit accusamus. Eos est nobis optio.', 1, '2015-09-22 23:31:43', '2021-03-03 23:03:12');
INSERT INTO `messages` (`id`, `from_user_id`, `to_user_id`, `txt`, `is_delivered`, `created_at`, `update_at`) VALUES ('317', '36', '55', 'Voluptatem aspernatur est quis consectetur. Inventore vel quisquam consequatur aspernatur ut cum ab placeat. Aut illum est omnis impedit.', 0, '1998-09-14 07:34:24', '2004-12-02 22:06:06');
INSERT INTO `messages` (`id`, `from_user_id`, `to_user_id`, `txt`, `is_delivered`, `created_at`, `update_at`) VALUES ('318', '56', '70', 'Ab autem minus iure excepturi dignissimos quod. Veniam voluptatem odit quibusdam debitis. Et non magnam est qui aut qui.', 0, '1979-10-14 12:09:29', '2004-07-09 22:42:44');
INSERT INTO `messages` (`id`, `from_user_id`, `to_user_id`, `txt`, `is_delivered`, `created_at`, `update_at`) VALUES ('319', '58', '13', 'Id a asperiores velit. Maxime magni incidunt repellendus sunt. Iusto debitis et aut non.', 1, '1981-04-03 11:13:48', '1971-03-29 16:22:11');
INSERT INTO `messages` (`id`, `from_user_id`, `to_user_id`, `txt`, `is_delivered`, `created_at`, `update_at`) VALUES ('320', '57', '90', 'Et ut facilis eaque amet non et. Assumenda fuga modi qui culpa corrupti ea et. Velit assumenda ut est nihil facere ut quos. Ea commodi sed omnis.', 0, '2013-04-03 04:43:29', '2017-10-09 15:52:49');
INSERT INTO `messages` (`id`, `from_user_id`, `to_user_id`, `txt`, `is_delivered`, `created_at`, `update_at`) VALUES ('321', '22', '37', 'Blanditiis voluptas dolor blanditiis facilis eum consequatur aut. Exercitationem sit necessitatibus voluptas nihil. Id saepe aut accusamus odio eos. Qui atque est earum sit sunt quia nemo.', 0, '2010-04-19 21:52:52', '2005-12-17 07:52:56');
INSERT INTO `messages` (`id`, `from_user_id`, `to_user_id`, `txt`, `is_delivered`, `created_at`, `update_at`) VALUES ('322', '75', '81', 'Dicta fuga quisquam harum. Illum dolor nulla ipsa enim. Quis vitae iusto pariatur in eaque dolorem ducimus ea. Rerum aliquam iusto molestiae ullam. A rem consequatur fugit.', 1, '2000-09-21 15:59:56', '1988-06-19 05:26:27');
INSERT INTO `messages` (`id`, `from_user_id`, `to_user_id`, `txt`, `is_delivered`, `created_at`, `update_at`) VALUES ('323', '93', '35', 'In enim mollitia sit aut voluptate rerum sit. Ut facilis perferendis placeat eos a quia quam. Doloribus saepe ea ipsum deleniti enim dolor quibusdam. Eaque sunt at non aperiam quas magni.', 0, '1988-02-03 05:49:47', '1993-05-08 22:15:10');
INSERT INTO `messages` (`id`, `from_user_id`, `to_user_id`, `txt`, `is_delivered`, `created_at`, `update_at`) VALUES ('324', '27', '10', 'Quisquam quo earum quo. Dolor sit dicta distinctio est commodi quia quia.', 0, '1986-06-27 13:36:13', '1976-03-20 00:05:57');
INSERT INTO `messages` (`id`, `from_user_id`, `to_user_id`, `txt`, `is_delivered`, `created_at`, `update_at`) VALUES ('325', '48', '68', 'Impedit dolores quidem labore omnis illo ut. Vel blanditiis et rerum vero architecto sed provident. Harum nemo quasi molestias et consequatur eius.', 0, '1971-01-20 21:54:24', '1975-12-12 09:34:26');
INSERT INTO `messages` (`id`, `from_user_id`, `to_user_id`, `txt`, `is_delivered`, `created_at`, `update_at`) VALUES ('326', '39', '24', 'Eum dolor blanditiis pariatur eos. Nemo porro esse error ipsa quaerat assumenda sit.', 0, '2017-01-17 02:55:47', '1998-08-19 22:24:27');
INSERT INTO `messages` (`id`, `from_user_id`, `to_user_id`, `txt`, `is_delivered`, `created_at`, `update_at`) VALUES ('327', '28', '43', 'Laudantium ut quidem omnis et quis et. Ea necessitatibus architecto dolorem.', 0, '2011-01-09 21:02:56', '2002-11-01 06:42:43');
INSERT INTO `messages` (`id`, `from_user_id`, `to_user_id`, `txt`, `is_delivered`, `created_at`, `update_at`) VALUES ('328', '41', '40', 'Eos delectus distinctio est illo iure at. Ut quia amet optio. Quia assumenda veritatis quia consequatur fugit nam qui. Dolorum ullam earum sed omnis ab quae.', 0, '1994-10-19 13:11:30', '2014-07-19 15:25:43');
INSERT INTO `messages` (`id`, `from_user_id`, `to_user_id`, `txt`, `is_delivered`, `created_at`, `update_at`) VALUES ('329', '24', '95', 'Dolorum voluptas rerum dolor similique molestiae sequi illo. Aut voluptatem optio nihil sed nisi fugiat enim corporis. Qui et quos quo.', 0, '1987-03-13 15:34:57', '2005-08-07 02:03:54');
INSERT INTO `messages` (`id`, `from_user_id`, `to_user_id`, `txt`, `is_delivered`, `created_at`, `update_at`) VALUES ('330', '58', '52', 'Unde natus enim ducimus consequuntur. Iste doloremque magnam quos odio sunt rerum consectetur. Nam reprehenderit qui aliquid porro aut nemo distinctio.', 0, '1996-08-28 03:58:57', '2020-03-29 13:14:06');
INSERT INTO `messages` (`id`, `from_user_id`, `to_user_id`, `txt`, `is_delivered`, `created_at`, `update_at`) VALUES ('331', '38', '42', 'Omnis rerum atque ut enim aliquid a qui. Tempore aut ab velit molestiae qui omnis sint ex. Cupiditate doloremque neque reiciendis iste consequatur. Quaerat est qui delectus sed ratione hic natus.', 1, '2008-05-21 17:17:11', '2002-12-21 01:57:40');
INSERT INTO `messages` (`id`, `from_user_id`, `to_user_id`, `txt`, `is_delivered`, `created_at`, `update_at`) VALUES ('332', '61', '74', 'Aut quo et ipsam qui aut natus similique est. Et deserunt vel minima animi aut maxime tempore. Non ut earum pariatur est. Sed deserunt est qui sunt. Suscipit ex quos expedita dolores.', 0, '1978-05-14 06:36:11', '1983-06-23 02:49:45');
INSERT INTO `messages` (`id`, `from_user_id`, `to_user_id`, `txt`, `is_delivered`, `created_at`, `update_at`) VALUES ('333', '97', '16', 'Est id fuga animi. Voluptatem ab quasi alias assumenda omnis. Omnis reprehenderit reprehenderit consequatur. Ut fugit quo quaerat esse consectetur.', 1, '1970-06-15 21:30:35', '2001-12-04 16:21:15');
INSERT INTO `messages` (`id`, `from_user_id`, `to_user_id`, `txt`, `is_delivered`, `created_at`, `update_at`) VALUES ('334', '43', '55', 'Eius cupiditate laudantium nihil ullam dolor dolor. Sequi aut enim velit necessitatibus placeat necessitatibus fugit. Quasi tempore maxime rerum iusto unde. Aut neque ut cupiditate nobis doloremque alias.', 0, '1981-02-08 01:31:15', '2020-09-28 01:52:24');
INSERT INTO `messages` (`id`, `from_user_id`, `to_user_id`, `txt`, `is_delivered`, `created_at`, `update_at`) VALUES ('335', '29', '100', 'Aut non natus ut temporibus. Aut voluptas nesciunt ea. Reiciendis qui velit qui ea iure et.', 0, '2019-02-05 03:27:49', '1985-02-08 14:39:54');
INSERT INTO `messages` (`id`, `from_user_id`, `to_user_id`, `txt`, `is_delivered`, `created_at`, `update_at`) VALUES ('336', '44', '50', 'Deleniti suscipit commodi libero impedit rerum nihil similique. Magnam et qui vero. Consequatur sit provident et est et. Quo odio natus aspernatur officia autem voluptatum.', 1, '1986-05-10 12:11:16', '1989-05-14 04:20:45');
INSERT INTO `messages` (`id`, `from_user_id`, `to_user_id`, `txt`, `is_delivered`, `created_at`, `update_at`) VALUES ('337', '37', '18', 'Iusto cum qui praesentium ullam quo iure corporis rerum. Corrupti dolorum illum consequatur minus atque ex. Molestias sit autem qui quo ea. Corrupti dolores omnis libero recusandae.', 1, '2000-03-25 06:13:20', '1994-01-05 20:15:54');
INSERT INTO `messages` (`id`, `from_user_id`, `to_user_id`, `txt`, `is_delivered`, `created_at`, `update_at`) VALUES ('338', '31', '30', 'Nam hic et dolores delectus molestiae illo ipsum. Ullam ab eos ullam eligendi saepe quia. Rerum sed architecto nihil a et vel. Tenetur et qui earum qui. Esse sed corrupti et qui voluptate aut.', 0, '1979-04-20 21:51:09', '2013-02-23 17:50:09');
INSERT INTO `messages` (`id`, `from_user_id`, `to_user_id`, `txt`, `is_delivered`, `created_at`, `update_at`) VALUES ('339', '53', '57', 'Temporibus accusamus id fuga libero est. Veniam reiciendis eum itaque nam qui ut aut temporibus. Rerum saepe voluptates et eum iusto in.', 1, '2012-02-10 00:45:58', '2020-11-22 14:19:43');
INSERT INTO `messages` (`id`, `from_user_id`, `to_user_id`, `txt`, `is_delivered`, `created_at`, `update_at`) VALUES ('340', '39', '1', 'Vero voluptatum quia id expedita aliquid. Amet amet explicabo dolores alias numquam.', 0, '1972-06-25 13:01:24', '2007-04-07 00:04:03');
INSERT INTO `messages` (`id`, `from_user_id`, `to_user_id`, `txt`, `is_delivered`, `created_at`, `update_at`) VALUES ('341', '24', '78', 'Ipsum molestiae at hic quae qui. Eos sint vero cumque officiis voluptatibus eligendi officia. Autem modi ratione eius ab doloribus. Est unde quisquam dicta pariatur minima.', 1, '2005-03-10 17:36:42', '2001-01-12 06:55:35');
INSERT INTO `messages` (`id`, `from_user_id`, `to_user_id`, `txt`, `is_delivered`, `created_at`, `update_at`) VALUES ('342', '24', '52', 'Aut sunt repellat aut eum quisquam id. Id cum quisquam nisi rerum natus et velit dolore.', 1, '2004-12-08 02:51:52', '1975-10-31 07:08:07');
INSERT INTO `messages` (`id`, `from_user_id`, `to_user_id`, `txt`, `is_delivered`, `created_at`, `update_at`) VALUES ('343', '21', '64', 'In amet fugiat velit. Ratione aperiam minima ipsam quia laudantium qui. Dolorem est in deleniti. Rem asperiores perferendis reprehenderit laudantium ut optio dolorum.', 0, '1999-11-11 08:13:19', '2000-11-05 01:32:26');
INSERT INTO `messages` (`id`, `from_user_id`, `to_user_id`, `txt`, `is_delivered`, `created_at`, `update_at`) VALUES ('344', '91', '44', 'Vel illum repellat sit et. Consectetur aut aliquam ducimus totam. Quo consequatur dolorum perspiciatis qui eveniet corporis. Quod itaque doloribus sapiente vel debitis dignissimos.', 1, '1984-06-27 17:56:35', '2005-05-12 05:18:55');
INSERT INTO `messages` (`id`, `from_user_id`, `to_user_id`, `txt`, `is_delivered`, `created_at`, `update_at`) VALUES ('345', '59', '49', 'Mollitia aut nulla quasi nostrum quam exercitationem. Quidem sit sequi atque est velit et. Facilis voluptatum id error qui vero.', 1, '2006-12-02 10:40:09', '2012-08-31 06:35:06');
INSERT INTO `messages` (`id`, `from_user_id`, `to_user_id`, `txt`, `is_delivered`, `created_at`, `update_at`) VALUES ('346', '96', '97', 'Aperiam eum odit exercitationem. Eveniet debitis rerum id. Eos consectetur similique incidunt temporibus error.', 0, '1987-11-05 07:01:02', '1984-11-27 12:14:17');
INSERT INTO `messages` (`id`, `from_user_id`, `to_user_id`, `txt`, `is_delivered`, `created_at`, `update_at`) VALUES ('347', '91', '57', 'Nesciunt voluptatibus voluptatem laudantium error ea fuga voluptate autem. Eius deserunt placeat nulla libero molestias. Veniam magnam sequi doloremque quo.', 1, '2009-09-26 02:30:49', '2017-08-14 10:15:17');
INSERT INTO `messages` (`id`, `from_user_id`, `to_user_id`, `txt`, `is_delivered`, `created_at`, `update_at`) VALUES ('348', '70', '88', 'Repudiandae vel maxime consequatur quia. Explicabo omnis error necessitatibus. Quia quod voluptates tempora minus rerum eaque.', 1, '2008-01-19 01:46:07', '1996-08-12 21:52:00');
INSERT INTO `messages` (`id`, `from_user_id`, `to_user_id`, `txt`, `is_delivered`, `created_at`, `update_at`) VALUES ('349', '73', '13', 'Blanditiis quod dolor itaque eum totam. Perspiciatis sit unde esse nostrum a excepturi quia. Aut deserunt et illum enim odio. Molestias iure ut molestiae dolor.', 1, '1982-03-19 11:58:25', '2001-03-06 19:15:22');
INSERT INTO `messages` (`id`, `from_user_id`, `to_user_id`, `txt`, `is_delivered`, `created_at`, `update_at`) VALUES ('350', '42', '1', 'Nulla necessitatibus magni atque. Quis natus sint ipsam debitis deleniti id et. Veritatis sunt fugiat provident quisquam ut.', 0, '1973-02-01 02:36:11', '1987-05-20 01:50:36');
INSERT INTO `messages` (`id`, `from_user_id`, `to_user_id`, `txt`, `is_delivered`, `created_at`, `update_at`) VALUES ('351', '12', '85', 'Sunt dolor optio est illum natus repellat quo sit. Nihil earum voluptatem ea praesentium quia necessitatibus a. Iusto corrupti veniam placeat odit rerum vitae aperiam sapiente. Explicabo rem sed at iusto est perspiciatis sunt.', 0, '1995-04-25 03:46:32', '1978-12-27 17:05:01');
INSERT INTO `messages` (`id`, `from_user_id`, `to_user_id`, `txt`, `is_delivered`, `created_at`, `update_at`) VALUES ('352', '51', '49', 'Architecto consequatur quasi ea facere. Iste dignissimos ducimus dolorem aut odio voluptatem quisquam. Et fuga rerum et ut eos beatae. Saepe deleniti non itaque beatae.', 1, '1977-07-12 01:22:33', '2004-02-21 02:56:33');
INSERT INTO `messages` (`id`, `from_user_id`, `to_user_id`, `txt`, `is_delivered`, `created_at`, `update_at`) VALUES ('353', '3', '81', 'Officia labore dicta similique. Nisi iste similique enim reiciendis. Voluptas beatae aliquam quisquam fugit optio. Et blanditiis et quia.', 0, '1986-03-29 05:47:11', '2008-07-06 22:05:11');
INSERT INTO `messages` (`id`, `from_user_id`, `to_user_id`, `txt`, `is_delivered`, `created_at`, `update_at`) VALUES ('354', '78', '55', 'Laboriosam et officiis voluptatem eaque. Accusamus excepturi animi qui. Asperiores ut minus doloremque eum quis porro vero.', 1, '1986-07-21 22:15:37', '2020-02-24 10:16:46');
INSERT INTO `messages` (`id`, `from_user_id`, `to_user_id`, `txt`, `is_delivered`, `created_at`, `update_at`) VALUES ('355', '38', '17', 'Delectus iure sit reprehenderit possimus dolore aut sit. Minima ab dicta veritatis animi veritatis porro modi odit. Dignissimos molestiae corrupti omnis natus vel.', 1, '2009-01-12 04:32:58', '1970-10-27 13:14:09');
INSERT INTO `messages` (`id`, `from_user_id`, `to_user_id`, `txt`, `is_delivered`, `created_at`, `update_at`) VALUES ('356', '55', '62', 'Laudantium debitis aperiam possimus vero odio et quia. Atque rerum cumque laboriosam vitae. Sed maxime enim assumenda est doloremque.', 1, '2001-10-18 00:24:53', '1996-06-09 00:22:46');
INSERT INTO `messages` (`id`, `from_user_id`, `to_user_id`, `txt`, `is_delivered`, `created_at`, `update_at`) VALUES ('357', '94', '79', 'Sunt unde facere blanditiis voluptas. Tempora facilis quia maiores eos ut. Dolorum laudantium rerum ut inventore.', 1, '1973-03-01 03:10:34', '2002-02-13 18:46:02');
INSERT INTO `messages` (`id`, `from_user_id`, `to_user_id`, `txt`, `is_delivered`, `created_at`, `update_at`) VALUES ('358', '14', '15', 'Et rerum eos alias error. Nesciunt maxime cumque et enim sed.', 1, '2000-11-09 09:26:32', '1973-06-20 18:41:17');
INSERT INTO `messages` (`id`, `from_user_id`, `to_user_id`, `txt`, `is_delivered`, `created_at`, `update_at`) VALUES ('359', '43', '4', 'Et omnis quibusdam natus aut eum fugit ipsa ad. Voluptatibus harum id culpa ut deserunt. Qui totam necessitatibus accusantium asperiores rerum ullam consectetur.', 0, '1986-07-08 20:49:53', '1980-12-20 00:48:28');
INSERT INTO `messages` (`id`, `from_user_id`, `to_user_id`, `txt`, `is_delivered`, `created_at`, `update_at`) VALUES ('360', '59', '1', 'Sit quasi cupiditate numquam. Ut autem ut natus at. Mollitia odit unde vel omnis ut. Cumque nihil eum provident doloribus enim cumque.', 1, '1975-11-27 00:40:45', '1977-10-19 14:57:09');
INSERT INTO `messages` (`id`, `from_user_id`, `to_user_id`, `txt`, `is_delivered`, `created_at`, `update_at`) VALUES ('361', '52', '55', 'Perferendis dolorem expedita dicta tempore. Eos et ipsam ipsum sapiente repudiandae. Saepe deserunt perferendis qui sit laudantium. Repudiandae voluptas esse nihil molestias.', 1, '2000-07-19 03:39:14', '1990-05-24 03:00:36');
INSERT INTO `messages` (`id`, `from_user_id`, `to_user_id`, `txt`, `is_delivered`, `created_at`, `update_at`) VALUES ('362', '97', '43', 'Modi quibusdam expedita qui et inventore. Quia ipsam voluptatum eligendi asperiores repellat sed est et. Aut dicta qui optio voluptatem eos ducimus tempore odio. Officia aut omnis est vero omnis soluta at et.', 1, '2011-08-21 12:13:37', '1981-12-21 13:00:00');
INSERT INTO `messages` (`id`, `from_user_id`, `to_user_id`, `txt`, `is_delivered`, `created_at`, `update_at`) VALUES ('363', '11', '67', 'Eius incidunt occaecati qui deserunt ut. Et velit veritatis est dolor. Accusantium voluptate hic commodi qui velit consequatur earum. Aut quia voluptas fugit delectus qui blanditiis. Provident quibusdam inventore velit dolor enim.', 0, '1981-05-12 04:42:16', '1984-11-25 22:27:07');
INSERT INTO `messages` (`id`, `from_user_id`, `to_user_id`, `txt`, `is_delivered`, `created_at`, `update_at`) VALUES ('364', '30', '83', 'Et iste nemo dolor eum officia. Iste dolor impedit fugit. Aut rem et mollitia ad ut vitae error.', 1, '1989-07-08 20:52:58', '2019-09-07 02:08:35');
INSERT INTO `messages` (`id`, `from_user_id`, `to_user_id`, `txt`, `is_delivered`, `created_at`, `update_at`) VALUES ('365', '79', '71', 'Quia tempora impedit voluptas quod rerum. Eos sit facere rem ut est ut illum. Nobis ab quae non. Et occaecati ipsam magni commodi sunt porro pariatur.', 1, '1996-11-01 14:47:58', '1981-06-16 06:34:25');
INSERT INTO `messages` (`id`, `from_user_id`, `to_user_id`, `txt`, `is_delivered`, `created_at`, `update_at`) VALUES ('366', '83', '91', 'Eius nihil dicta harum voluptas. Aspernatur ratione eos non inventore sit. Delectus qui omnis aut similique et rem et.', 0, '1974-10-21 18:56:07', '1971-03-27 04:38:06');
INSERT INTO `messages` (`id`, `from_user_id`, `to_user_id`, `txt`, `is_delivered`, `created_at`, `update_at`) VALUES ('367', '56', '34', 'Veniam ab optio dignissimos similique quia vero. Cum aut dolor explicabo nisi consequatur quibusdam. Voluptas ratione rerum voluptatibus sunt atque. Dolorem fugiat omnis quo in ut.', 1, '1978-11-25 14:04:45', '2009-07-03 04:28:36');
INSERT INTO `messages` (`id`, `from_user_id`, `to_user_id`, `txt`, `is_delivered`, `created_at`, `update_at`) VALUES ('368', '39', '59', 'Non cupiditate porro quis vero. Ut quam aut maxime. Enim et et autem eum perferendis officiis. Ut in et beatae tempora dignissimos praesentium.', 0, '1972-11-11 11:05:02', '1977-07-17 11:43:43');
INSERT INTO `messages` (`id`, `from_user_id`, `to_user_id`, `txt`, `is_delivered`, `created_at`, `update_at`) VALUES ('369', '15', '16', 'Accusamus eos voluptas laboriosam qui doloribus rerum ea. Qui et ratione vel exercitationem. Est a et quia amet fugit dolores.', 1, '1997-08-02 14:19:04', '1972-09-30 01:01:43');
INSERT INTO `messages` (`id`, `from_user_id`, `to_user_id`, `txt`, `is_delivered`, `created_at`, `update_at`) VALUES ('370', '14', '52', 'Quia sunt dolorem est dolor reiciendis velit. Numquam ex tempore enim occaecati reiciendis vero. Laborum rerum a aliquid illum velit id voluptatem dolor. Quidem et repudiandae eum minus ut. Ut adipisci earum error debitis est.', 0, '1999-01-10 17:10:44', '1999-08-15 23:44:07');
INSERT INTO `messages` (`id`, `from_user_id`, `to_user_id`, `txt`, `is_delivered`, `created_at`, `update_at`) VALUES ('371', '32', '68', 'Repudiandae praesentium a culpa rerum eligendi nulla omnis. Dolorum dolor amet nihil id. Voluptatum maiores suscipit laudantium rem dolor ut nam. Dolor officia omnis optio iusto quo incidunt. Nesciunt at quia voluptatem et magni optio.', 1, '2014-08-15 17:37:24', '2012-05-03 19:36:51');
INSERT INTO `messages` (`id`, `from_user_id`, `to_user_id`, `txt`, `is_delivered`, `created_at`, `update_at`) VALUES ('372', '14', '26', 'Voluptas vitae quibusdam quo ea sunt aliquid aut corrupti. Dicta voluptatum dolor repudiandae. Quisquam vel voluptas quia delectus.', 0, '1991-09-14 12:45:21', '2020-06-18 02:08:51');
INSERT INTO `messages` (`id`, `from_user_id`, `to_user_id`, `txt`, `is_delivered`, `created_at`, `update_at`) VALUES ('373', '47', '27', 'Labore sequi ut et sequi temporibus doloremque voluptas ratione. Atque sit eaque aperiam minima qui. Id est laborum quia iusto cum id.', 0, '1996-12-03 04:56:18', '1979-04-04 23:15:03');
INSERT INTO `messages` (`id`, `from_user_id`, `to_user_id`, `txt`, `is_delivered`, `created_at`, `update_at`) VALUES ('374', '41', '90', 'Error illum soluta animi qui. Modi ut consequatur ut. Non consectetur aut nulla tempore.', 0, '2019-09-15 04:04:58', '1978-04-07 03:03:43');
INSERT INTO `messages` (`id`, `from_user_id`, `to_user_id`, `txt`, `is_delivered`, `created_at`, `update_at`) VALUES ('375', '31', '99', 'Quia praesentium ut ratione aut et dolore ea. Ut veniam qui qui a tenetur. Quibusdam qui architecto quam.', 1, '2003-02-19 04:25:45', '2016-06-25 13:39:23');
INSERT INTO `messages` (`id`, `from_user_id`, `to_user_id`, `txt`, `is_delivered`, `created_at`, `update_at`) VALUES ('376', '90', '82', 'Nobis sed vel quos ipsam numquam dolores aut et. Quo optio sequi voluptatem qui. Aut omnis voluptatem aut ut. Necessitatibus cum est unde.', 1, '2015-01-13 03:23:32', '1981-02-21 13:00:15');
INSERT INTO `messages` (`id`, `from_user_id`, `to_user_id`, `txt`, `is_delivered`, `created_at`, `update_at`) VALUES ('377', '53', '87', 'Atque et eius voluptatem ipsa mollitia ipsa. Voluptatum a ducimus velit omnis. Nihil qui sed ipsa et officia ad culpa voluptates. In similique sed nulla vel.', 1, '1988-08-18 06:05:13', '2020-06-21 16:40:13');
INSERT INTO `messages` (`id`, `from_user_id`, `to_user_id`, `txt`, `is_delivered`, `created_at`, `update_at`) VALUES ('378', '25', '64', 'Eligendi ullam unde molestiae eligendi ut ea molestiae ex. Laudantium ut quia ea. Sit iusto quisquam ratione aperiam voluptatem error.', 0, '2013-04-21 14:47:18', '1977-12-03 01:19:56');
INSERT INTO `messages` (`id`, `from_user_id`, `to_user_id`, `txt`, `is_delivered`, `created_at`, `update_at`) VALUES ('379', '54', '54', 'Et beatae porro nemo. Maiores dolores qui nesciunt aliquid nemo ipsam minus. Aperiam voluptatem voluptatem id laboriosam.', 0, '1997-10-21 13:42:09', '1981-02-14 05:02:58');
INSERT INTO `messages` (`id`, `from_user_id`, `to_user_id`, `txt`, `is_delivered`, `created_at`, `update_at`) VALUES ('380', '46', '32', 'Velit quas qui id voluptas. Facilis ut qui placeat. Vero ut eum rerum et quos harum.', 0, '1997-12-06 04:55:00', '1995-04-06 03:19:52');
INSERT INTO `messages` (`id`, `from_user_id`, `to_user_id`, `txt`, `is_delivered`, `created_at`, `update_at`) VALUES ('381', '24', '29', 'Voluptas incidunt reprehenderit similique quo. Magnam quas dolorem eveniet error aliquam. Totam quis est nihil saepe sed.', 0, '2016-11-04 02:13:07', '1990-09-10 19:30:00');
INSERT INTO `messages` (`id`, `from_user_id`, `to_user_id`, `txt`, `is_delivered`, `created_at`, `update_at`) VALUES ('382', '23', '80', 'Sit maxime nemo aut sit excepturi libero saepe. Aut consequuntur numquam non minima distinctio voluptas. A error esse totam quod nulla reprehenderit dolor. At amet et magnam omnis placeat aut. Explicabo omnis eveniet a odit.', 0, '2008-10-11 12:44:25', '1998-04-01 06:51:41');
INSERT INTO `messages` (`id`, `from_user_id`, `to_user_id`, `txt`, `is_delivered`, `created_at`, `update_at`) VALUES ('383', '62', '61', 'Reiciendis dolorum pariatur sit ut magnam. Nemo vel corporis ipsum illum tenetur. Sed possimus occaecati ducimus est expedita totam odit. Cupiditate omnis enim sed omnis tenetur dolorem iusto. Aut laboriosam sed quidem.', 1, '1984-02-06 16:07:41', '1981-09-19 02:22:05');
INSERT INTO `messages` (`id`, `from_user_id`, `to_user_id`, `txt`, `is_delivered`, `created_at`, `update_at`) VALUES ('384', '38', '76', 'Voluptate alias qui corrupti maxime distinctio debitis eum. Et et deserunt optio pariatur quasi voluptate. Adipisci cumque sit iusto sint sunt sit dignissimos beatae. Natus error aut dolorum. Accusamus sequi quam sint sint.', 0, '1988-12-10 06:22:30', '1992-07-27 09:33:49');
INSERT INTO `messages` (`id`, `from_user_id`, `to_user_id`, `txt`, `is_delivered`, `created_at`, `update_at`) VALUES ('385', '77', '51', 'Exercitationem enim deleniti nulla consequatur ut occaecati minus voluptatum. Qui et officiis nihil consequuntur quasi ipsa ratione velit. Dignissimos eaque rerum aliquid impedit magnam. Quisquam et unde corrupti corporis dolorem accusantium et.', 0, '2005-02-10 21:05:31', '1992-09-19 07:36:44');
INSERT INTO `messages` (`id`, `from_user_id`, `to_user_id`, `txt`, `is_delivered`, `created_at`, `update_at`) VALUES ('386', '28', '8', 'Aperiam repellat dignissimos quod necessitatibus natus autem. Molestias amet cum ut qui et fugit.', 1, '1980-08-03 04:02:31', '2015-03-04 06:11:35');
INSERT INTO `messages` (`id`, `from_user_id`, `to_user_id`, `txt`, `is_delivered`, `created_at`, `update_at`) VALUES ('387', '19', '42', 'Incidunt reiciendis eaque tempore qui praesentium est. Pariatur consequatur fugit tempore nisi. Facilis nulla aut dicta velit saepe omnis mollitia.', 0, '1990-09-27 02:08:54', '1971-08-04 01:43:30');
INSERT INTO `messages` (`id`, `from_user_id`, `to_user_id`, `txt`, `is_delivered`, `created_at`, `update_at`) VALUES ('388', '34', '66', 'Sit eum atque harum cumque et voluptate quam. Itaque ad vero est inventore optio magni. Impedit ut asperiores pariatur omnis dolor.', 0, '1997-10-15 18:49:06', '2005-07-22 02:13:32');
INSERT INTO `messages` (`id`, `from_user_id`, `to_user_id`, `txt`, `is_delivered`, `created_at`, `update_at`) VALUES ('389', '68', '74', 'Qui ratione et eum non nisi omnis. Id laboriosam quod veritatis error velit assumenda molestias voluptatibus.', 0, '1994-10-21 17:53:47', '1974-02-12 04:46:57');
INSERT INTO `messages` (`id`, `from_user_id`, `to_user_id`, `txt`, `is_delivered`, `created_at`, `update_at`) VALUES ('390', '55', '98', 'Perferendis soluta nesciunt hic laudantium. Et id unde exercitationem natus vel deserunt fugiat. Dolorem nobis saepe optio iusto adipisci. Dolor aut et voluptatem perferendis sunt.', 0, '2007-02-24 05:50:47', '1987-11-04 12:59:05');
INSERT INTO `messages` (`id`, `from_user_id`, `to_user_id`, `txt`, `is_delivered`, `created_at`, `update_at`) VALUES ('391', '73', '45', 'Eos dolorum quas nam nihil. Qui consequatur voluptatem laboriosam aut facilis. Dolor in vel illo. Qui deleniti consequatur tempora sit reprehenderit voluptatem.', 1, '1979-09-17 08:49:34', '1989-10-05 20:09:50');
INSERT INTO `messages` (`id`, `from_user_id`, `to_user_id`, `txt`, `is_delivered`, `created_at`, `update_at`) VALUES ('392', '80', '26', 'Quis dolor dolores optio quos. Dolor qui ratione rem tempore odit adipisci rerum.', 1, '2008-11-03 22:05:32', '2008-10-20 10:54:32');
INSERT INTO `messages` (`id`, `from_user_id`, `to_user_id`, `txt`, `is_delivered`, `created_at`, `update_at`) VALUES ('393', '32', '4', 'Nobis voluptatem vel eos iste. Id ut mollitia sunt sed ut eos sequi eaque. Rem est ea quidem quam fugit.', 0, '2007-01-04 00:04:44', '2014-04-21 22:17:07');
INSERT INTO `messages` (`id`, `from_user_id`, `to_user_id`, `txt`, `is_delivered`, `created_at`, `update_at`) VALUES ('394', '89', '85', 'Saepe adipisci velit optio officiis est minus. Sit et est similique. Rerum aut ut molestiae odit quae. Sed tempore sed cum veritatis blanditiis.', 0, '1971-05-23 16:29:40', '1975-06-05 11:34:21');
INSERT INTO `messages` (`id`, `from_user_id`, `to_user_id`, `txt`, `is_delivered`, `created_at`, `update_at`) VALUES ('395', '57', '35', 'Repellat animi velit sit. Non doloremque aut dolorem consectetur. Quod exercitationem ut rerum dolorum omnis rerum. Est error eos quia possimus.', 0, '1972-01-24 01:23:51', '1975-01-20 16:07:22');
INSERT INTO `messages` (`id`, `from_user_id`, `to_user_id`, `txt`, `is_delivered`, `created_at`, `update_at`) VALUES ('396', '17', '81', 'Et sunt atque est quia occaecati. Accusamus deleniti quod sint impedit tempore. Et tempore corporis expedita sequi distinctio excepturi. Quia incidunt officiis totam delectus reiciendis.', 0, '2002-10-10 12:04:37', '2002-11-23 10:10:58');
INSERT INTO `messages` (`id`, `from_user_id`, `to_user_id`, `txt`, `is_delivered`, `created_at`, `update_at`) VALUES ('397', '64', '39', 'Est alias sequi accusamus eveniet dolores animi. Consequuntur et architecto laborum asperiores. Dolore quaerat aliquam voluptates non eum. Omnis voluptatem porro impedit voluptatem et veniam dicta et.', 0, '2002-08-30 03:16:24', '2019-05-08 07:09:03');
INSERT INTO `messages` (`id`, `from_user_id`, `to_user_id`, `txt`, `is_delivered`, `created_at`, `update_at`) VALUES ('398', '61', '26', 'Qui consequuntur cupiditate quia nesciunt voluptatem eum. Enim fugit illo quia nulla ex error harum. Similique vel consequatur sint facilis. Omnis qui occaecati aut quibusdam.', 1, '2006-04-05 21:30:02', '1997-11-17 04:13:45');
INSERT INTO `messages` (`id`, `from_user_id`, `to_user_id`, `txt`, `is_delivered`, `created_at`, `update_at`) VALUES ('399', '100', '99', 'Reiciendis sed excepturi quaerat molestiae. Ratione et deleniti eos sit unde. Dicta doloribus dolore molestiae dolores animi iusto veritatis.', 0, '1995-05-28 05:16:43', '1994-08-07 21:22:19');
INSERT INTO `messages` (`id`, `from_user_id`, `to_user_id`, `txt`, `is_delivered`, `created_at`, `update_at`) VALUES ('400', '2', '76', 'Ut magnam magni sunt in. Voluptatem qui rem facilis vero voluptas vitae. Est exercitationem nostrum odio iure pariatur fugit in. Laboriosam sequi voluptatum corporis illum sunt consequatur aut qui. Rerum temporibus voluptatem officia distinctio deserunt.', 1, '1995-11-28 20:51:11', '1974-02-15 07:25:51');
INSERT INTO `messages` (`id`, `from_user_id`, `to_user_id`, `txt`, `is_delivered`, `created_at`, `update_at`) VALUES ('401', '50', '29', 'Sed ut dolor veniam. Itaque dolorem vel vero quisquam. Possimus et voluptas saepe rem atque eum laudantium. Ea ab soluta deleniti soluta reiciendis id eos.', 1, '2010-07-23 11:23:50', '1980-04-12 01:15:13');
INSERT INTO `messages` (`id`, `from_user_id`, `to_user_id`, `txt`, `is_delivered`, `created_at`, `update_at`) VALUES ('402', '84', '69', 'Et et aut nisi ducimus provident quia quaerat necessitatibus. Molestias itaque perferendis consequatur est iusto suscipit nam temporibus. Nesciunt doloribus libero id.', 1, '1974-09-23 20:20:02', '1974-08-13 11:49:27');
INSERT INTO `messages` (`id`, `from_user_id`, `to_user_id`, `txt`, `is_delivered`, `created_at`, `update_at`) VALUES ('403', '71', '17', 'Voluptatum similique aut praesentium minus et nobis. Cupiditate aut voluptas ut incidunt culpa. Numquam repellat vitae dicta perferendis. Est ea id cumque neque nesciunt velit nam maxime.', 1, '1990-01-03 16:03:55', '1978-04-10 15:47:28');
INSERT INTO `messages` (`id`, `from_user_id`, `to_user_id`, `txt`, `is_delivered`, `created_at`, `update_at`) VALUES ('404', '34', '38', 'Cum at quasi est occaecati. Officiis at commodi nihil qui esse debitis. Perferendis corporis aut quia perferendis ratione non ad. Accusantium laborum sed hic.', 1, '1998-01-23 06:10:27', '1973-08-11 22:55:11');
INSERT INTO `messages` (`id`, `from_user_id`, `to_user_id`, `txt`, `is_delivered`, `created_at`, `update_at`) VALUES ('405', '91', '89', 'Suscipit rerum molestiae error voluptas repellendus maxime. Aut fugit cupiditate rerum dolor explicabo.', 1, '2012-10-08 21:24:57', '2004-03-31 03:43:34');
INSERT INTO `messages` (`id`, `from_user_id`, `to_user_id`, `txt`, `is_delivered`, `created_at`, `update_at`) VALUES ('406', '36', '64', 'Iure facilis nihil aut officiis rerum incidunt temporibus et. Voluptatibus sit necessitatibus molestias et quas non autem. Et aut et laborum vero. Aut quis sunt esse rem.', 0, '2003-05-16 18:19:08', '1971-10-04 07:56:06');
INSERT INTO `messages` (`id`, `from_user_id`, `to_user_id`, `txt`, `is_delivered`, `created_at`, `update_at`) VALUES ('407', '33', '16', 'Culpa non doloribus reiciendis eveniet eius ea suscipit. Temporibus eum dolor quis eum. Quia eligendi labore asperiores error fugit qui aut suscipit. Exercitationem sed et ad est dolorum necessitatibus.', 0, '2002-10-09 04:51:21', '2021-04-02 02:39:12');
INSERT INTO `messages` (`id`, `from_user_id`, `to_user_id`, `txt`, `is_delivered`, `created_at`, `update_at`) VALUES ('408', '89', '64', 'Odio deleniti incidunt repellendus necessitatibus. Provident vero enim ratione sunt rerum enim. Quo ipsum culpa quaerat ex sit. Ut asperiores ut soluta et dolorem non quia.', 1, '1995-11-18 06:55:38', '2002-08-17 17:42:25');
INSERT INTO `messages` (`id`, `from_user_id`, `to_user_id`, `txt`, `is_delivered`, `created_at`, `update_at`) VALUES ('409', '19', '78', 'Quis distinctio qui laborum. Tenetur nihil omnis quos dolores. Quia suscipit enim aspernatur libero consequatur hic ipsum.', 1, '1982-11-10 05:48:56', '1974-12-26 09:54:37');
INSERT INTO `messages` (`id`, `from_user_id`, `to_user_id`, `txt`, `is_delivered`, `created_at`, `update_at`) VALUES ('410', '49', '76', 'Nostrum odio dolorem eveniet corporis consequatur distinctio facilis. Labore et ipsum voluptas amet assumenda. Voluptatibus et illum sed culpa placeat culpa dolorem.', 1, '2021-01-02 12:23:31', '1980-08-13 12:55:26');
INSERT INTO `messages` (`id`, `from_user_id`, `to_user_id`, `txt`, `is_delivered`, `created_at`, `update_at`) VALUES ('411', '12', '65', 'Recusandae nam molestiae delectus voluptatum. Quos perferendis vel ut quo qui enim. Error blanditiis voluptates omnis optio.', 1, '2014-11-01 00:31:40', '2010-01-01 22:57:53');
INSERT INTO `messages` (`id`, `from_user_id`, `to_user_id`, `txt`, `is_delivered`, `created_at`, `update_at`) VALUES ('412', '57', '76', 'Voluptas quae eos minima mollitia. Praesentium aut quos voluptatem. Qui quidem aut rerum fuga at eos. Sed at enim et ipsam.', 1, '2012-08-21 20:31:54', '1980-08-01 15:48:31');
INSERT INTO `messages` (`id`, `from_user_id`, `to_user_id`, `txt`, `is_delivered`, `created_at`, `update_at`) VALUES ('413', '3', '18', 'Aliquid suscipit porro recusandae id sit ut quaerat. Perspiciatis molestiae et ut quod incidunt alias sequi et. Iste nihil veniam doloremque cupiditate rerum quaerat beatae alias.', 1, '2017-04-08 18:38:34', '2017-01-14 09:22:43');
INSERT INTO `messages` (`id`, `from_user_id`, `to_user_id`, `txt`, `is_delivered`, `created_at`, `update_at`) VALUES ('414', '1', '2', 'Temporibus non blanditiis a in natus quo. Et ut in iste sed laudantium. Minima quam ullam ex quo.', 0, '2005-07-25 13:22:14', '1996-10-01 16:15:56');
INSERT INTO `messages` (`id`, `from_user_id`, `to_user_id`, `txt`, `is_delivered`, `created_at`, `update_at`) VALUES ('415', '16', '2', 'Saepe autem aliquid sunt pariatur itaque maiores non. Est repellat alias eos aliquam. Sit nulla est esse ut.', 1, '1990-05-13 21:50:09', '1988-05-01 21:56:08');
INSERT INTO `messages` (`id`, `from_user_id`, `to_user_id`, `txt`, `is_delivered`, `created_at`, `update_at`) VALUES ('416', '78', '66', 'Eum sit quo nesciunt. Id harum mollitia nesciunt voluptatum est esse id laboriosam. Ut explicabo accusamus corporis libero.', 1, '1982-10-12 13:07:18', '1989-08-24 14:05:25');
INSERT INTO `messages` (`id`, `from_user_id`, `to_user_id`, `txt`, `is_delivered`, `created_at`, `update_at`) VALUES ('417', '31', '61', 'Quaerat labore itaque esse quaerat. Sit quaerat explicabo illo quo consequatur voluptate. Omnis atque in esse ab.', 1, '1981-10-24 04:43:52', '2017-09-17 08:56:40');
INSERT INTO `messages` (`id`, `from_user_id`, `to_user_id`, `txt`, `is_delivered`, `created_at`, `update_at`) VALUES ('418', '34', '1', 'Maiores nemo voluptas nulla asperiores autem magnam culpa. Est hic nam rerum atque. Laboriosam voluptatum fugit ea sint harum voluptatem.', 0, '1992-04-18 17:10:58', '2004-03-01 12:49:51');
INSERT INTO `messages` (`id`, `from_user_id`, `to_user_id`, `txt`, `is_delivered`, `created_at`, `update_at`) VALUES ('419', '78', '68', 'Reiciendis repellat fugit provident veniam. Omnis laborum vel ipsum neque. Neque dolor voluptate unde vitae.', 0, '2018-07-18 17:29:56', '1994-12-22 12:41:14');
INSERT INTO `messages` (`id`, `from_user_id`, `to_user_id`, `txt`, `is_delivered`, `created_at`, `update_at`) VALUES ('420', '39', '69', 'Qui eius quia praesentium ipsam. Quae enim nesciunt quia et dolor molestiae.', 1, '2015-12-20 14:27:48', '1999-01-04 04:45:23');
INSERT INTO `messages` (`id`, `from_user_id`, `to_user_id`, `txt`, `is_delivered`, `created_at`, `update_at`) VALUES ('421', '56', '74', 'Quisquam deserunt corporis sapiente eligendi. Ea assumenda beatae repellat. Voluptatem nulla consequatur aut autem voluptas maiores dolorem. Soluta ratione non placeat quo.', 1, '2010-09-26 13:01:34', '1981-08-07 09:39:29');
INSERT INTO `messages` (`id`, `from_user_id`, `to_user_id`, `txt`, `is_delivered`, `created_at`, `update_at`) VALUES ('422', '32', '88', 'Itaque non in qui quasi. Cumque veritatis quia eaque. Corporis ut incidunt itaque cumque dolor nisi et. Deleniti dolor aperiam enim consectetur optio esse. Minus deserunt dicta dolores sed pariatur voluptatum nostrum.', 0, '2007-09-24 15:41:07', '2015-04-25 23:44:11');
INSERT INTO `messages` (`id`, `from_user_id`, `to_user_id`, `txt`, `is_delivered`, `created_at`, `update_at`) VALUES ('423', '89', '21', 'Quod qui omnis in corporis tenetur. Minus magni fugiat necessitatibus qui. Omnis error quia dolor aut.', 0, '1999-02-19 13:49:57', '1976-01-02 06:37:25');
INSERT INTO `messages` (`id`, `from_user_id`, `to_user_id`, `txt`, `is_delivered`, `created_at`, `update_at`) VALUES ('424', '52', '8', 'Nihil pariatur magnam corporis animi. Molestiae eveniet voluptatem ipsa saepe ut aut.', 0, '1972-07-09 23:53:34', '1997-04-06 00:42:40');
INSERT INTO `messages` (`id`, `from_user_id`, `to_user_id`, `txt`, `is_delivered`, `created_at`, `update_at`) VALUES ('425', '98', '100', 'Quidem quaerat et architecto similique eveniet. Dolores cupiditate rerum ipsum officia velit perferendis eum. Adipisci enim et amet adipisci eligendi dignissimos.', 0, '1988-12-21 21:38:19', '2011-04-09 06:06:44');
INSERT INTO `messages` (`id`, `from_user_id`, `to_user_id`, `txt`, `is_delivered`, `created_at`, `update_at`) VALUES ('426', '84', '10', 'Eum id quis dolor eos tenetur. Ab et voluptates temporibus nemo laudantium. Nisi sunt ut qui quo reprehenderit. Aliquam iste dolor soluta quo repudiandae est quibusdam.', 1, '1979-03-06 22:29:59', '2003-08-28 00:48:52');
INSERT INTO `messages` (`id`, `from_user_id`, `to_user_id`, `txt`, `is_delivered`, `created_at`, `update_at`) VALUES ('427', '64', '41', 'Voluptatem dolores iusto architecto facilis. Deleniti dolor iure nobis itaque nostrum minus rem. Eligendi omnis consequatur odio quasi quas omnis. Iste aperiam nesciunt ullam assumenda et.', 1, '1985-11-20 19:24:33', '1985-07-19 15:38:13');
INSERT INTO `messages` (`id`, `from_user_id`, `to_user_id`, `txt`, `is_delivered`, `created_at`, `update_at`) VALUES ('428', '85', '67', 'Inventore minima qui sed ut suscipit ut. Repudiandae sit expedita impedit asperiores magnam explicabo est. Dolor et itaque ipsum est mollitia.', 0, '1987-01-29 04:41:47', '1971-07-28 22:56:53');
INSERT INTO `messages` (`id`, `from_user_id`, `to_user_id`, `txt`, `is_delivered`, `created_at`, `update_at`) VALUES ('429', '58', '85', 'Voluptatem ea aspernatur eligendi esse. Fuga numquam et sed veniam autem. Enim atque exercitationem eius repellendus ut corporis temporibus consequuntur. Et quibusdam illum commodi molestiae earum.', 0, '2012-02-24 12:38:48', '1990-08-05 18:35:34');
INSERT INTO `messages` (`id`, `from_user_id`, `to_user_id`, `txt`, `is_delivered`, `created_at`, `update_at`) VALUES ('430', '69', '74', 'Voluptates aut neque consequuntur sit temporibus quae voluptate ipsa. Et sequi adipisci eum illo debitis. In illo officia aliquam fugiat harum.', 1, '2013-08-27 10:44:30', '1973-05-12 17:11:58');
INSERT INTO `messages` (`id`, `from_user_id`, `to_user_id`, `txt`, `is_delivered`, `created_at`, `update_at`) VALUES ('431', '87', '46', 'Sit voluptatem molestiae consequatur est voluptatem a. Unde aut soluta non odio. Modi adipisci possimus similique minus. Optio quia maiores molestias voluptate assumenda.', 0, '2003-08-04 16:21:35', '1970-10-15 02:21:22');
INSERT INTO `messages` (`id`, `from_user_id`, `to_user_id`, `txt`, `is_delivered`, `created_at`, `update_at`) VALUES ('432', '39', '17', 'Molestias veritatis error aut eaque ea. Quaerat et voluptates aut. Cupiditate dolores doloribus sit et laboriosam est. Voluptatem possimus ut in provident eum amet eligendi.', 0, '2008-05-18 23:46:07', '1999-08-28 07:50:18');
INSERT INTO `messages` (`id`, `from_user_id`, `to_user_id`, `txt`, `is_delivered`, `created_at`, `update_at`) VALUES ('433', '6', '73', 'Ullam assumenda architecto et numquam earum culpa nihil. Est distinctio maxime totam repudiandae sunt doloribus quia ab. Natus pariatur id explicabo ea placeat.', 1, '1976-04-14 18:36:06', '1971-07-10 22:36:45');
INSERT INTO `messages` (`id`, `from_user_id`, `to_user_id`, `txt`, `is_delivered`, `created_at`, `update_at`) VALUES ('434', '17', '84', 'Fuga labore ab laborum hic saepe incidunt. Placeat quo mollitia molestiae. Consequuntur ea ad placeat esse ipsum assumenda odio.', 0, '2009-03-11 07:56:59', '1976-04-03 21:48:02');
INSERT INTO `messages` (`id`, `from_user_id`, `to_user_id`, `txt`, `is_delivered`, `created_at`, `update_at`) VALUES ('435', '40', '55', 'Explicabo architecto aut nobis et delectus eaque nisi et. Quidem nemo reiciendis cum quis expedita amet et. Beatae possimus cumque omnis aut dolorum ut corporis.', 0, '2006-08-04 06:34:51', '2006-05-28 13:57:05');
INSERT INTO `messages` (`id`, `from_user_id`, `to_user_id`, `txt`, `is_delivered`, `created_at`, `update_at`) VALUES ('436', '52', '95', 'Sed esse dicta recusandae dolores quisquam laudantium. Magnam quia sint odit tempora.', 0, '1982-11-29 09:22:57', '1970-04-24 16:57:57');
INSERT INTO `messages` (`id`, `from_user_id`, `to_user_id`, `txt`, `is_delivered`, `created_at`, `update_at`) VALUES ('437', '29', '83', 'Est doloremque doloremque culpa dolore velit repudiandae. Doloribus enim ipsam ea harum corporis eligendi esse distinctio. Id omnis aut blanditiis eum debitis ea accusamus. Facere occaecati pariatur non ea est.', 1, '1997-01-02 17:25:29', '1973-02-25 09:32:00');
INSERT INTO `messages` (`id`, `from_user_id`, `to_user_id`, `txt`, `is_delivered`, `created_at`, `update_at`) VALUES ('438', '83', '18', 'Qui voluptatibus autem unde tempora facilis vero. Rerum suscipit consequatur et mollitia ea. Possimus libero amet voluptas hic voluptate sit in.', 1, '1994-08-12 05:51:39', '2004-04-26 23:14:38');
INSERT INTO `messages` (`id`, `from_user_id`, `to_user_id`, `txt`, `is_delivered`, `created_at`, `update_at`) VALUES ('439', '3', '35', 'Dolor ut accusamus nemo sint. Quisquam iste quae a repellendus quisquam. Aut consequatur omnis consequatur in a ut quis laudantium.', 0, '1980-08-09 10:03:20', '1988-01-29 10:57:49');
INSERT INTO `messages` (`id`, `from_user_id`, `to_user_id`, `txt`, `is_delivered`, `created_at`, `update_at`) VALUES ('440', '26', '1', 'Omnis illo sed ut sit. Praesentium adipisci adipisci optio. Deleniti quidem qui aut esse sed doloremque natus. Qui laborum voluptates a dolore.', 1, '1997-08-03 10:20:11', '1970-11-30 18:48:47');
INSERT INTO `messages` (`id`, `from_user_id`, `to_user_id`, `txt`, `is_delivered`, `created_at`, `update_at`) VALUES ('441', '35', '10', 'Voluptas eum optio temporibus rerum pariatur velit. Molestiae odit ut est. Blanditiis nam aut eaque totam odit labore molestiae. Modi similique sed harum sint dicta neque.', 1, '1999-01-03 01:07:33', '1985-02-24 14:34:51');
INSERT INTO `messages` (`id`, `from_user_id`, `to_user_id`, `txt`, `is_delivered`, `created_at`, `update_at`) VALUES ('442', '10', '99', 'Molestiae rem rerum voluptas magni. Ullam incidunt provident cupiditate asperiores et. Ad ex deserunt molestiae enim nobis. Repellat nesciunt nulla explicabo omnis.', 1, '1996-07-21 16:19:09', '2007-07-04 23:58:27');
INSERT INTO `messages` (`id`, `from_user_id`, `to_user_id`, `txt`, `is_delivered`, `created_at`, `update_at`) VALUES ('443', '50', '94', 'Qui quod non sit aut. Voluptas voluptas dicta quae repellendus repellendus rerum debitis totam. Veniam error quo fugit et ratione ad facilis. Et quo error dolore deleniti perspiciatis.', 0, '2008-03-07 09:24:35', '1998-01-18 17:18:45');
INSERT INTO `messages` (`id`, `from_user_id`, `to_user_id`, `txt`, `is_delivered`, `created_at`, `update_at`) VALUES ('444', '65', '8', 'Qui consequatur et magni possimus necessitatibus. Voluptates tempora sapiente maxime. Aspernatur qui nisi velit qui. Velit repellat animi quasi rem quo.', 0, '1973-08-10 00:39:05', '1973-11-03 04:32:17');
INSERT INTO `messages` (`id`, `from_user_id`, `to_user_id`, `txt`, `is_delivered`, `created_at`, `update_at`) VALUES ('445', '79', '33', 'Dolore repudiandae officiis sapiente animi aut. Tenetur magni qui aut ipsum qui quasi ut. Corporis unde illo et rem provident asperiores animi nemo. Ad in suscipit et dolorem et aut.', 0, '2017-04-26 12:09:55', '2013-02-23 12:42:45');
INSERT INTO `messages` (`id`, `from_user_id`, `to_user_id`, `txt`, `is_delivered`, `created_at`, `update_at`) VALUES ('446', '82', '65', 'Vel eum consequatur corporis et dicta ut in doloribus. Ratione quos voluptatum reiciendis quae. Rerum similique amet suscipit aperiam aut. Deleniti temporibus ut inventore omnis dolorem. Et architecto vel illum quae enim.', 1, '1972-03-28 19:08:14', '1979-06-14 13:09:39');
INSERT INTO `messages` (`id`, `from_user_id`, `to_user_id`, `txt`, `is_delivered`, `created_at`, `update_at`) VALUES ('447', '79', '21', 'Dicta maiores et voluptatum cumque. Mollitia natus ut officia ea sit corporis tenetur. Quibusdam vitae saepe facilis praesentium libero deleniti aut.', 0, '1985-05-08 10:49:22', '2011-09-06 13:58:13');
INSERT INTO `messages` (`id`, `from_user_id`, `to_user_id`, `txt`, `is_delivered`, `created_at`, `update_at`) VALUES ('448', '81', '85', 'Quis dolorem vitae ratione quo et iusto rerum. Aut sint dignissimos autem vero provident. Ut cupiditate sint quidem quaerat voluptates.', 1, '1983-01-06 17:20:40', '2005-12-05 04:25:27');
INSERT INTO `messages` (`id`, `from_user_id`, `to_user_id`, `txt`, `is_delivered`, `created_at`, `update_at`) VALUES ('449', '93', '98', 'Harum quia dolorum voluptatem optio magnam. Aut autem et pariatur dolorem. Odio placeat inventore quia perspiciatis.', 1, '2015-06-19 20:45:33', '1982-09-22 02:59:47');
INSERT INTO `messages` (`id`, `from_user_id`, `to_user_id`, `txt`, `is_delivered`, `created_at`, `update_at`) VALUES ('450', '68', '33', 'Sed omnis iste commodi vitae ipsa. Dolor minus magnam ipsam ex. Ipsum et aperiam occaecati excepturi exercitationem mollitia dolor.', 1, '1991-06-20 18:22:34', '1971-11-05 20:38:16');
INSERT INTO `messages` (`id`, `from_user_id`, `to_user_id`, `txt`, `is_delivered`, `created_at`, `update_at`) VALUES ('451', '53', '19', 'Ipsam mollitia cumque et quaerat dolor cupiditate. Aut et placeat fuga impedit tenetur molestiae quia. Cum sit officiis ut qui. Dolores inventore quis quis nemo voluptates natus.', 0, '2014-09-26 06:03:01', '1989-03-05 17:26:48');
INSERT INTO `messages` (`id`, `from_user_id`, `to_user_id`, `txt`, `is_delivered`, `created_at`, `update_at`) VALUES ('452', '28', '81', 'Autem nostrum quidem voluptatum et provident alias vitae. Eius aut ut et et est nihil quo amet. Hic fugit autem praesentium consequatur aut sit.', 1, '1983-04-17 00:27:47', '2004-10-28 22:38:40');
INSERT INTO `messages` (`id`, `from_user_id`, `to_user_id`, `txt`, `is_delivered`, `created_at`, `update_at`) VALUES ('453', '2', '11', 'Commodi tenetur accusantium consequatur repellendus ut repellat. Qui et qui voluptatum adipisci voluptatem libero. Blanditiis quidem occaecati voluptatem dolores nesciunt.', 0, '1987-03-28 12:25:34', '2020-12-24 07:41:36');
INSERT INTO `messages` (`id`, `from_user_id`, `to_user_id`, `txt`, `is_delivered`, `created_at`, `update_at`) VALUES ('454', '99', '5', 'Rerum voluptatum fuga blanditiis non adipisci quia sapiente. Magni debitis rerum natus vel voluptates quis et. Iure eaque voluptatem sed qui consequatur. Dignissimos consequatur natus neque laborum alias dolorem voluptatum.', 0, '2016-11-06 09:53:43', '2000-11-28 01:48:09');
INSERT INTO `messages` (`id`, `from_user_id`, `to_user_id`, `txt`, `is_delivered`, `created_at`, `update_at`) VALUES ('455', '45', '24', 'Temporibus earum minima aliquam corporis illo minima assumenda. Provident sequi magni minima aperiam ipsa. Sit nesciunt perferendis porro tempore aut quia. Ut et sunt qui saepe.', 1, '2018-06-09 01:47:34', '1992-02-27 18:00:27');
INSERT INTO `messages` (`id`, `from_user_id`, `to_user_id`, `txt`, `is_delivered`, `created_at`, `update_at`) VALUES ('456', '5', '79', 'Tempore est nihil alias magni veniam corporis aperiam. Cumque maxime dolores amet nesciunt. Quos nam reprehenderit quasi voluptas cupiditate ipsum officia. Velit dolorem maiores labore doloribus inventore esse voluptas.', 0, '1976-07-02 00:18:54', '1989-03-01 11:56:58');
INSERT INTO `messages` (`id`, `from_user_id`, `to_user_id`, `txt`, `is_delivered`, `created_at`, `update_at`) VALUES ('457', '34', '15', 'Similique ex omnis deleniti. Omnis ipsam et blanditiis architecto vel quasi voluptatem. Quas dolore quod veritatis sint.', 1, '1978-07-02 07:27:48', '1990-08-10 20:12:11');
INSERT INTO `messages` (`id`, `from_user_id`, `to_user_id`, `txt`, `is_delivered`, `created_at`, `update_at`) VALUES ('458', '78', '84', 'Facilis qui tempore esse. Ut facilis debitis id. Minus minus odit in dolorem ipsa dicta expedita iusto.', 0, '1994-12-26 01:51:01', '1999-02-12 21:56:30');
INSERT INTO `messages` (`id`, `from_user_id`, `to_user_id`, `txt`, `is_delivered`, `created_at`, `update_at`) VALUES ('459', '9', '43', 'Reiciendis assumenda possimus sed qui. Tempore laborum aut natus autem quam quos. Ipsa eveniet expedita repellat repellat aut beatae. Aliquam laboriosam accusantium cum et deleniti amet.', 1, '1986-12-19 03:29:55', '2012-09-01 05:29:30');
INSERT INTO `messages` (`id`, `from_user_id`, `to_user_id`, `txt`, `is_delivered`, `created_at`, `update_at`) VALUES ('460', '91', '87', 'Ullam pariatur corrupti voluptate non. Dolores sint nulla eligendi placeat est magnam. Praesentium est asperiores similique. Alias provident veniam et eum laudantium ad corrupti molestias.', 0, '2009-05-01 19:11:59', '1980-05-03 15:22:38');
INSERT INTO `messages` (`id`, `from_user_id`, `to_user_id`, `txt`, `is_delivered`, `created_at`, `update_at`) VALUES ('461', '76', '73', 'Blanditiis et eos distinctio maxime repellendus delectus exercitationem veritatis. Eveniet voluptas sit pariatur qui perferendis voluptatum dignissimos. Sit aliquid repellendus illum explicabo.', 1, '1978-09-07 13:12:00', '2001-11-14 22:59:31');
INSERT INTO `messages` (`id`, `from_user_id`, `to_user_id`, `txt`, `is_delivered`, `created_at`, `update_at`) VALUES ('462', '51', '54', 'Numquam sint ratione non eaque magnam. Hic dolor rerum est dolor. Harum molestiae similique odit aliquid et eaque magni.', 1, '1992-08-23 15:32:48', '2004-10-09 05:02:27');
INSERT INTO `messages` (`id`, `from_user_id`, `to_user_id`, `txt`, `is_delivered`, `created_at`, `update_at`) VALUES ('463', '93', '32', 'Consequatur magni voluptatem totam cum. Aliquid voluptas nobis eum beatae. Quaerat alias sint quaerat et qui facilis non. Voluptatum sed deleniti quam. Est id ipsam ut eum ipsa.', 0, '2007-01-13 23:56:27', '2019-03-21 19:35:35');
INSERT INTO `messages` (`id`, `from_user_id`, `to_user_id`, `txt`, `is_delivered`, `created_at`, `update_at`) VALUES ('464', '38', '86', 'Quibusdam nemo et perspiciatis rem ipsa impedit ut. Tenetur at molestiae nesciunt ut aut.', 0, '1971-02-27 01:29:10', '2001-09-26 13:11:52');
INSERT INTO `messages` (`id`, `from_user_id`, `to_user_id`, `txt`, `is_delivered`, `created_at`, `update_at`) VALUES ('465', '30', '5', 'Aliquid magni sit unde sint itaque laboriosam placeat. Quam velit accusantium ea qui sunt qui sit. Explicabo vitae consectetur quo soluta.', 0, '1992-11-21 12:09:31', '2012-05-25 22:24:20');
INSERT INTO `messages` (`id`, `from_user_id`, `to_user_id`, `txt`, `is_delivered`, `created_at`, `update_at`) VALUES ('466', '19', '82', 'Eligendi aut quas in et eius et. Ut sunt dolore aspernatur et. Dolores et minus laudantium ducimus. Illum dolor ut soluta enim ipsum minus eum.', 0, '2007-04-08 06:47:27', '2007-01-18 00:54:27');
INSERT INTO `messages` (`id`, `from_user_id`, `to_user_id`, `txt`, `is_delivered`, `created_at`, `update_at`) VALUES ('467', '24', '46', 'Corrupti sed minus omnis optio autem consequatur. Aperiam dignissimos nisi eos nam sapiente. Dicta laudantium vel aut exercitationem.', 0, '1982-01-11 21:19:50', '1980-01-22 11:42:02');
INSERT INTO `messages` (`id`, `from_user_id`, `to_user_id`, `txt`, `is_delivered`, `created_at`, `update_at`) VALUES ('468', '63', '25', 'Quia quisquam omnis quis nostrum voluptatem quia. Et doloremque laboriosam praesentium quis necessitatibus tempore consequatur. Laudantium aut ad et. Doloribus ipsa est dignissimos et quas.', 0, '2018-07-21 06:37:28', '1977-12-21 12:10:16');
INSERT INTO `messages` (`id`, `from_user_id`, `to_user_id`, `txt`, `is_delivered`, `created_at`, `update_at`) VALUES ('469', '57', '61', 'Voluptatem omnis sint sit. Doloremque dignissimos quisquam sit fuga. Odio tempore unde praesentium consequatur sapiente cumque. Facere qui cumque eum repellat.', 1, '1980-08-15 18:43:11', '1972-05-07 20:50:17');
INSERT INTO `messages` (`id`, `from_user_id`, `to_user_id`, `txt`, `is_delivered`, `created_at`, `update_at`) VALUES ('470', '30', '1', 'Libero provident quo repellat ut quisquam in maiores. Dolorem vitae architecto ipsam. Sapiente sequi voluptatem doloremque aut. Commodi distinctio consequatur quo aut aut et at.', 1, '1976-06-12 17:53:28', '2019-07-26 13:43:30');
INSERT INTO `messages` (`id`, `from_user_id`, `to_user_id`, `txt`, `is_delivered`, `created_at`, `update_at`) VALUES ('471', '85', '35', 'Mollitia molestias sed recusandae eligendi incidunt. Asperiores quasi dolor perspiciatis et libero. Dolorem nihil ipsa deserunt quis ut dolor dolor. Quis voluptates consectetur sint vitae quo perferendis qui.', 0, '2016-03-01 05:41:31', '1979-04-08 02:56:05');
INSERT INTO `messages` (`id`, `from_user_id`, `to_user_id`, `txt`, `is_delivered`, `created_at`, `update_at`) VALUES ('472', '80', '18', 'Reiciendis consectetur et animi ullam. Repellat beatae est autem. Vero esse laboriosam fuga quisquam ea. Ut tempora natus dolor laudantium in et eum.', 1, '2017-08-29 09:36:23', '1990-10-09 17:58:19');
INSERT INTO `messages` (`id`, `from_user_id`, `to_user_id`, `txt`, `is_delivered`, `created_at`, `update_at`) VALUES ('473', '49', '58', 'Sit et sit neque deleniti. Temporibus blanditiis ullam eveniet eum. Animi ducimus aspernatur ex quia.', 0, '1982-12-15 15:34:37', '1971-09-13 05:06:21');
INSERT INTO `messages` (`id`, `from_user_id`, `to_user_id`, `txt`, `is_delivered`, `created_at`, `update_at`) VALUES ('474', '1', '57', 'Sed itaque quas et. Alias deserunt repellat suscipit. Sunt aut maxime unde magnam. Nulla at veritatis ullam molestiae ipsa vero.', 1, '2005-08-24 05:18:49', '2009-08-13 20:56:29');
INSERT INTO `messages` (`id`, `from_user_id`, `to_user_id`, `txt`, `is_delivered`, `created_at`, `update_at`) VALUES ('475', '100', '92', 'Quisquam fugiat necessitatibus qui est. Vel accusamus qui libero dolore facilis. Ea aut nihil velit esse voluptatibus.', 1, '2015-04-27 20:52:40', '1971-08-18 06:27:53');
INSERT INTO `messages` (`id`, `from_user_id`, `to_user_id`, `txt`, `is_delivered`, `created_at`, `update_at`) VALUES ('476', '44', '75', 'Dolorem nam deserunt a sapiente placeat. Accusamus tenetur ut quo qui est sunt.', 0, '1988-09-22 15:51:03', '2002-05-09 06:25:22');
INSERT INTO `messages` (`id`, `from_user_id`, `to_user_id`, `txt`, `is_delivered`, `created_at`, `update_at`) VALUES ('477', '65', '94', 'Corrupti sit ut repellat. Quod repellat et reprehenderit deleniti perferendis. Ad fugiat quidem at sunt repellat dolorum.', 0, '1977-06-29 07:51:57', '2020-09-24 03:38:39');
INSERT INTO `messages` (`id`, `from_user_id`, `to_user_id`, `txt`, `is_delivered`, `created_at`, `update_at`) VALUES ('478', '28', '58', 'Et et in amet optio dolorem. Assumenda et aliquam deserunt. Aliquid reiciendis odio molestiae saepe ipsa.', 0, '1995-02-14 01:29:56', '1998-04-15 20:29:58');
INSERT INTO `messages` (`id`, `from_user_id`, `to_user_id`, `txt`, `is_delivered`, `created_at`, `update_at`) VALUES ('479', '26', '66', 'Dolorem distinctio eveniet et aut dignissimos labore. Aut neque delectus quibusdam aut. Similique officia tenetur commodi odit molestiae velit quam. Numquam impedit et doloremque ea et. Ut consequatur soluta velit.', 1, '1985-01-02 00:42:10', '2000-11-07 15:14:16');
INSERT INTO `messages` (`id`, `from_user_id`, `to_user_id`, `txt`, `is_delivered`, `created_at`, `update_at`) VALUES ('480', '44', '55', 'Et eligendi expedita repudiandae. Aut ut sed incidunt incidunt et est. Illo quam similique magnam ipsum. Qui autem pariatur culpa dolores voluptatem odio.', 0, '2000-03-19 12:44:06', '1999-04-14 06:54:44');
INSERT INTO `messages` (`id`, `from_user_id`, `to_user_id`, `txt`, `is_delivered`, `created_at`, `update_at`) VALUES ('481', '70', '62', 'Molestiae maxime eum quos dolor officia molestiae aut. Iusto nobis eaque deserunt quo. Iusto eius ea maiores non asperiores aperiam voluptate porro. Dignissimos officia vitae sunt natus accusamus.', 1, '2015-05-23 21:49:56', '1978-05-02 04:20:26');
INSERT INTO `messages` (`id`, `from_user_id`, `to_user_id`, `txt`, `is_delivered`, `created_at`, `update_at`) VALUES ('482', '36', '93', 'Dignissimos ipsam est est molestiae nemo sit enim. Deserunt omnis nulla nemo nostrum. Non iste odio aperiam atque.', 1, '1991-10-10 12:45:02', '1997-06-04 14:09:05');
INSERT INTO `messages` (`id`, `from_user_id`, `to_user_id`, `txt`, `is_delivered`, `created_at`, `update_at`) VALUES ('483', '8', '99', 'Qui nostrum assumenda ad recusandae qui eum molestiae. Temporibus deleniti exercitationem impedit sunt vitae. Est deserunt ut dolore pariatur.', 1, '2003-01-02 09:09:56', '1980-05-27 03:16:21');
INSERT INTO `messages` (`id`, `from_user_id`, `to_user_id`, `txt`, `is_delivered`, `created_at`, `update_at`) VALUES ('484', '18', '64', 'Amet quaerat commodi aut id error id. Quisquam rem explicabo voluptatem praesentium enim dolor aspernatur et. Magnam ipsum tenetur laudantium autem veniam.', 1, '1973-02-22 05:40:30', '2011-02-19 06:26:14');
INSERT INTO `messages` (`id`, `from_user_id`, `to_user_id`, `txt`, `is_delivered`, `created_at`, `update_at`) VALUES ('485', '59', '47', 'Atque dolores cumque sapiente aliquid sit. Impedit repellendus maxime et voluptatem. Cupiditate quo officiis explicabo officiis est velit tenetur.', 1, '1974-09-01 13:43:07', '1981-06-26 13:50:54');
INSERT INTO `messages` (`id`, `from_user_id`, `to_user_id`, `txt`, `is_delivered`, `created_at`, `update_at`) VALUES ('486', '65', '44', 'Quis esse accusamus suscipit saepe provident neque magni. Et perferendis nesciunt neque. Minus facere aspernatur et et.', 0, '2014-12-02 14:57:39', '2000-09-13 14:30:47');
INSERT INTO `messages` (`id`, `from_user_id`, `to_user_id`, `txt`, `is_delivered`, `created_at`, `update_at`) VALUES ('487', '81', '44', 'Est quod optio ea. Quidem tempore et unde debitis. Est eos sequi dolorum.', 0, '2013-04-17 10:23:49', '2001-09-01 11:35:57');
INSERT INTO `messages` (`id`, `from_user_id`, `to_user_id`, `txt`, `is_delivered`, `created_at`, `update_at`) VALUES ('488', '62', '30', 'Eos natus et voluptas. Cum reiciendis officia vel sed in ea. Nihil consectetur aliquam sed ea modi omnis illo.', 1, '2005-04-08 21:09:38', '1979-01-31 21:51:07');
INSERT INTO `messages` (`id`, `from_user_id`, `to_user_id`, `txt`, `is_delivered`, `created_at`, `update_at`) VALUES ('489', '1', '63', 'Repellat ullam tempora temporibus nobis nostrum minus delectus. Consequatur occaecati in voluptas animi et. Vitae vero voluptatem voluptatem quos aut. Repellendus autem delectus id commodi asperiores.', 1, '1991-01-04 04:58:47', '1977-06-04 02:06:45');
INSERT INTO `messages` (`id`, `from_user_id`, `to_user_id`, `txt`, `is_delivered`, `created_at`, `update_at`) VALUES ('490', '86', '100', 'Sunt et distinctio labore sed et temporibus quaerat. Commodi occaecati voluptate ea labore numquam. Delectus quisquam saepe veniam eos.', 1, '1977-01-18 08:23:03', '1991-06-13 11:50:38');
INSERT INTO `messages` (`id`, `from_user_id`, `to_user_id`, `txt`, `is_delivered`, `created_at`, `update_at`) VALUES ('491', '55', '29', 'Voluptatem ipsum quisquam perferendis rem aut. Sapiente dolorem tempore voluptatem aut molestias a unde. Dolor accusantium possimus amet minus eius rem sit omnis. Est porro sunt eos voluptate at sequi labore.', 0, '2015-03-02 08:58:36', '2003-09-08 17:51:00');
INSERT INTO `messages` (`id`, `from_user_id`, `to_user_id`, `txt`, `is_delivered`, `created_at`, `update_at`) VALUES ('492', '75', '19', 'Aperiam natus animi corrupti pariatur esse cum. Dignissimos voluptatibus dolores nihil veritatis. Doloribus quae tenetur dolore cum. Esse soluta fugit quasi quaerat temporibus pariatur et.', 0, '1991-06-11 10:17:33', '1985-05-26 19:53:39');
INSERT INTO `messages` (`id`, `from_user_id`, `to_user_id`, `txt`, `is_delivered`, `created_at`, `update_at`) VALUES ('493', '23', '2', 'Et deleniti nihil reprehenderit aut. Reprehenderit fugit quaerat voluptatem odit earum. Ut ratione debitis voluptas blanditiis rem. Dolores dolorem quia possimus laboriosam tenetur nam voluptas.', 1, '2018-11-22 19:01:46', '2002-11-24 07:39:04');
INSERT INTO `messages` (`id`, `from_user_id`, `to_user_id`, `txt`, `is_delivered`, `created_at`, `update_at`) VALUES ('494', '76', '49', 'Sint harum accusamus earum molestiae rerum. Accusamus suscipit exercitationem dolores deserunt tenetur. Earum quam ipsa impedit consequatur assumenda.', 0, '2001-05-19 02:48:37', '1991-11-09 09:31:53');
INSERT INTO `messages` (`id`, `from_user_id`, `to_user_id`, `txt`, `is_delivered`, `created_at`, `update_at`) VALUES ('495', '67', '19', 'Neque sed eos voluptas odio ducimus voluptatibus. Expedita hic veniam ex laboriosam. Ut facilis illum nisi non aspernatur. Nihil iste minus explicabo rerum. Animi voluptatibus eum et ea facilis aut.', 0, '2012-01-19 11:58:53', '1990-08-31 17:33:19');
INSERT INTO `messages` (`id`, `from_user_id`, `to_user_id`, `txt`, `is_delivered`, `created_at`, `update_at`) VALUES ('496', '4', '37', 'Temporibus placeat adipisci omnis ea et aut. Et quia est aliquam quasi dolor est maiores perferendis. Atque est explicabo autem laboriosam repudiandae ab magni. Exercitationem eius tempora sapiente expedita.', 1, '1991-03-26 11:36:48', '1980-03-02 09:59:21');
INSERT INTO `messages` (`id`, `from_user_id`, `to_user_id`, `txt`, `is_delivered`, `created_at`, `update_at`) VALUES ('497', '81', '40', 'Sapiente nihil porro delectus aut maiores. Ullam ut molestiae earum sapiente ut. Quas aut est sit ipsa facere. Voluptas maiores eos quisquam voluptatum architecto rem id.', 1, '1980-12-21 13:22:05', '2004-02-29 08:28:40');
INSERT INTO `messages` (`id`, `from_user_id`, `to_user_id`, `txt`, `is_delivered`, `created_at`, `update_at`) VALUES ('498', '30', '88', 'Consequatur doloribus voluptatem fugit et eum. Deleniti fuga nihil aut placeat aut. Perspiciatis porro aspernatur quaerat voluptatum.', 0, '2003-03-12 02:31:33', '1986-06-02 05:12:02');
INSERT INTO `messages` (`id`, `from_user_id`, `to_user_id`, `txt`, `is_delivered`, `created_at`, `update_at`) VALUES ('499', '38', '48', 'Omnis sit quo ab hic in. Praesentium iusto odit soluta dolor. Voluptatum qui dignissimos temporibus quaerat enim dignissimos. Rerum nihil rem sequi qui necessitatibus est qui sed.', 0, '1995-04-22 22:50:01', '2007-07-09 15:20:59');
INSERT INTO `messages` (`id`, `from_user_id`, `to_user_id`, `txt`, `is_delivered`, `created_at`, `update_at`) VALUES ('500', '51', '97', 'Rem eveniet facere aliquam eveniet non omnis corporis blanditiis. Dignissimos repellat corrupti dolor minus sed.', 0, '1982-12-09 01:16:24', '1993-10-26 02:26:15');
INSERT INTO `messages` (`id`, `from_user_id`, `to_user_id`, `txt`, `is_delivered`, `created_at`, `update_at`) VALUES ('501', '95', '16', 'Asperiores rerum debitis iusto et ea exercitationem eius. Et ullam omnis quis nihil doloremque dolor. Doloremque nihil suscipit recusandae non reprehenderit ad. Fuga quibusdam est ut magni.', 1, '1996-09-01 08:58:29', '1987-04-12 17:29:31');
INSERT INTO `messages` (`id`, `from_user_id`, `to_user_id`, `txt`, `is_delivered`, `created_at`, `update_at`) VALUES ('502', '40', '75', 'Et illo eos facilis aut reiciendis non. Perspiciatis voluptas accusamus ut in. Nulla qui soluta ea. Voluptatem nam quod excepturi sit explicabo quia.', 0, '1996-04-22 11:44:38', '1975-08-13 21:15:56');
INSERT INTO `messages` (`id`, `from_user_id`, `to_user_id`, `txt`, `is_delivered`, `created_at`, `update_at`) VALUES ('503', '59', '2', 'Dicta ea est quos molestiae et dolor maxime. Incidunt dolores neque quaerat eligendi tenetur. Et mollitia tempora harum quibusdam dolor error temporibus. Doloribus voluptatem numquam tenetur ut mollitia et ut.', 1, '2007-05-01 19:17:57', '1980-02-23 19:56:47');
INSERT INTO `messages` (`id`, `from_user_id`, `to_user_id`, `txt`, `is_delivered`, `created_at`, `update_at`) VALUES ('504', '5', '60', 'Adipisci fugiat ex facere placeat sint hic aspernatur est. Qui occaecati veniam quia dolores odio quo. Labore reiciendis voluptate similique non.', 1, '2014-12-10 14:49:08', '2020-03-09 16:48:25');
INSERT INTO `messages` (`id`, `from_user_id`, `to_user_id`, `txt`, `is_delivered`, `created_at`, `update_at`) VALUES ('505', '64', '91', 'Excepturi nostrum voluptas ex minima incidunt est nam. Incidunt perferendis dolorum non dolorem inventore omnis saepe. Facere et odit odio soluta velit non tempora. Maiores sit est provident ut enim.', 0, '1997-04-01 08:28:51', '1991-06-12 02:48:35');
INSERT INTO `messages` (`id`, `from_user_id`, `to_user_id`, `txt`, `is_delivered`, `created_at`, `update_at`) VALUES ('506', '60', '18', 'Quas quia omnis vitae mollitia voluptas vero. Temporibus excepturi eligendi quos dolores quidem. Quia ut nobis ad velit. Ut odio sit voluptatem voluptas perferendis a.', 0, '1973-02-21 07:07:52', '2017-09-01 10:07:05');
INSERT INTO `messages` (`id`, `from_user_id`, `to_user_id`, `txt`, `is_delivered`, `created_at`, `update_at`) VALUES ('507', '20', '35', 'Aut consequatur porro autem nemo autem accusantium. Amet quis similique est cum. Qui laborum aspernatur ab repellendus est nesciunt.', 0, '1976-01-11 17:30:57', '1997-05-18 06:52:50');
INSERT INTO `messages` (`id`, `from_user_id`, `to_user_id`, `txt`, `is_delivered`, `created_at`, `update_at`) VALUES ('508', '37', '43', 'Hic cumque eos distinctio. Molestiae est facere veritatis ut. Praesentium velit nam temporibus et assumenda consequatur vero nihil. Nobis quos optio voluptatem nisi iure.', 1, '2019-02-28 06:45:33', '2018-09-14 02:44:57');
INSERT INTO `messages` (`id`, `from_user_id`, `to_user_id`, `txt`, `is_delivered`, `created_at`, `update_at`) VALUES ('509', '36', '12', 'Debitis quis nobis culpa non quia iusto. Non odit autem nesciunt magnam et aspernatur voluptas.', 0, '1986-12-15 05:09:54', '1981-12-19 09:54:36');
INSERT INTO `messages` (`id`, `from_user_id`, `to_user_id`, `txt`, `is_delivered`, `created_at`, `update_at`) VALUES ('510', '91', '3', 'Recusandae voluptas voluptatem enim rem amet qui. Nihil eveniet ab enim. Vel fugiat alias iusto dolore fugiat in sint.', 0, '1973-07-22 16:32:15', '2004-09-09 03:10:18');
INSERT INTO `messages` (`id`, `from_user_id`, `to_user_id`, `txt`, `is_delivered`, `created_at`, `update_at`) VALUES ('511', '31', '94', 'Officiis minima beatae eum illo maxime earum. Quis minima et qui deleniti fugiat. Nesciunt voluptas amet et quas quo incidunt quas dolores. Cumque consequuntur autem corporis sunt sint ut.', 0, '2019-03-14 22:29:19', '2011-08-08 05:29:32');
INSERT INTO `messages` (`id`, `from_user_id`, `to_user_id`, `txt`, `is_delivered`, `created_at`, `update_at`) VALUES ('512', '40', '11', 'Excepturi cum modi labore nobis eveniet autem earum. At ut et totam sunt.', 1, '2021-05-27 19:43:52', '2000-01-04 01:52:27');
INSERT INTO `messages` (`id`, `from_user_id`, `to_user_id`, `txt`, `is_delivered`, `created_at`, `update_at`) VALUES ('513', '34', '69', 'Quo tempora sit vero quae harum officia ut laborum. Aspernatur hic pariatur vero corporis nihil maiores. Provident illo id qui nihil aperiam. Et aut sint porro neque optio quis.', 1, '2002-06-23 20:03:44', '1991-04-16 20:11:36');
INSERT INTO `messages` (`id`, `from_user_id`, `to_user_id`, `txt`, `is_delivered`, `created_at`, `update_at`) VALUES ('514', '98', '71', 'Mollitia placeat non perspiciatis. Officiis voluptatem saepe eveniet. Quisquam similique dicta consequuntur consequatur. Est non soluta consequuntur praesentium.', 0, '1987-02-19 03:10:02', '1996-10-04 14:53:00');
INSERT INTO `messages` (`id`, `from_user_id`, `to_user_id`, `txt`, `is_delivered`, `created_at`, `update_at`) VALUES ('515', '16', '49', 'Eum ut velit vel ipsa facilis dicta est. Qui earum vero autem quidem et similique. Officiis molestiae architecto voluptas aut eos ullam voluptatem.', 0, '1984-05-18 15:40:09', '2002-12-29 06:22:53');
INSERT INTO `messages` (`id`, `from_user_id`, `to_user_id`, `txt`, `is_delivered`, `created_at`, `update_at`) VALUES ('516', '67', '10', 'Quae deleniti saepe eos illo modi consequuntur dolor. Similique unde culpa distinctio mollitia sint voluptatem necessitatibus. Harum eaque autem similique.', 0, '2004-10-05 02:06:44', '1991-07-09 02:22:38');
INSERT INTO `messages` (`id`, `from_user_id`, `to_user_id`, `txt`, `is_delivered`, `created_at`, `update_at`) VALUES ('517', '64', '7', 'Earum ea ad quia laborum ut nesciunt. Enim impedit eveniet assumenda ut quo. Nihil quibusdam voluptatem autem tenetur.', 1, '1982-10-04 23:57:03', '1983-10-26 16:31:08');
INSERT INTO `messages` (`id`, `from_user_id`, `to_user_id`, `txt`, `is_delivered`, `created_at`, `update_at`) VALUES ('518', '85', '23', 'Ullam voluptatum laborum sunt cupiditate illum. Porro ex inventore sint. Ea et suscipit fuga tempora.', 1, '1983-07-07 17:04:35', '2001-08-19 21:26:09');
INSERT INTO `messages` (`id`, `from_user_id`, `to_user_id`, `txt`, `is_delivered`, `created_at`, `update_at`) VALUES ('519', '8', '89', 'Possimus velit voluptatem voluptas animi. Quia dolores nisi cupiditate adipisci illo. Dignissimos aut dolorum ratione quam vel eligendi odio. Iusto illo sit ex nulla occaecati omnis sint.', 1, '1994-04-08 17:15:06', '2012-01-02 22:08:47');
INSERT INTO `messages` (`id`, `from_user_id`, `to_user_id`, `txt`, `is_delivered`, `created_at`, `update_at`) VALUES ('520', '83', '72', 'Nulla rerum eos nihil fugiat. Voluptas quis est vel qui inventore quis suscipit aliquam. Rerum aut impedit totam occaecati. Perspiciatis enim non repudiandae ex dignissimos molestias voluptas dignissimos.', 1, '2020-03-11 10:55:34', '1976-05-30 02:05:29');
INSERT INTO `messages` (`id`, `from_user_id`, `to_user_id`, `txt`, `is_delivered`, `created_at`, `update_at`) VALUES ('521', '80', '43', 'Quasi nemo nostrum eaque dolore iusto. Laborum dolor ipsum fugiat atque et. Sunt consectetur perferendis consequatur molestiae quaerat omnis. Voluptatem sapiente provident ut et et nesciunt.', 0, '1985-04-05 01:13:04', '1984-09-18 20:20:34');
INSERT INTO `messages` (`id`, `from_user_id`, `to_user_id`, `txt`, `is_delivered`, `created_at`, `update_at`) VALUES ('522', '90', '99', 'Numquam aliquid suscipit ab ut placeat natus eaque. Unde dicta consequuntur est provident inventore sint. Cupiditate cupiditate non iure tenetur voluptatum dolores facere. Error pariatur temporibus quis iste voluptates.', 1, '1991-01-03 15:10:40', '2002-06-09 03:17:32');
INSERT INTO `messages` (`id`, `from_user_id`, `to_user_id`, `txt`, `is_delivered`, `created_at`, `update_at`) VALUES ('523', '77', '26', 'Repudiandae et sit nobis. Perspiciatis accusamus ut aut enim. Ea est quisquam explicabo ut rerum soluta labore accusantium. Et in modi voluptatem.', 0, '2011-03-12 14:58:55', '1974-05-19 18:19:43');
INSERT INTO `messages` (`id`, `from_user_id`, `to_user_id`, `txt`, `is_delivered`, `created_at`, `update_at`) VALUES ('524', '41', '13', 'Voluptatum et quae ipsa aliquid praesentium voluptatum. Numquam iusto odio quis est. Eos porro qui voluptatem temporibus ut commodi.', 0, '1994-06-23 06:07:40', '2019-08-12 11:14:27');
INSERT INTO `messages` (`id`, `from_user_id`, `to_user_id`, `txt`, `is_delivered`, `created_at`, `update_at`) VALUES ('525', '37', '32', 'Deserunt aut et fugit quo et est. Rerum facilis deleniti reiciendis sit. Sapiente aspernatur sed ut tenetur expedita vel dolores et.', 0, '1988-11-27 10:47:22', '1986-09-29 22:02:08');
INSERT INTO `messages` (`id`, `from_user_id`, `to_user_id`, `txt`, `is_delivered`, `created_at`, `update_at`) VALUES ('526', '15', '67', 'Facilis illo voluptas enim dicta. Autem excepturi est molestias assumenda aut inventore dolorem. Ex reiciendis minus perspiciatis amet.', 1, '1973-06-21 13:40:53', '1988-03-08 00:04:59');
INSERT INTO `messages` (`id`, `from_user_id`, `to_user_id`, `txt`, `is_delivered`, `created_at`, `update_at`) VALUES ('527', '25', '54', 'Qui molestias voluptatibus natus aperiam omnis eum consequatur. Corporis quibusdam totam placeat ut qui a. Repudiandae tenetur aut qui nam. Totam dolore est et placeat non sed ut.', 1, '2004-07-14 23:12:18', '1990-01-29 08:01:47');
INSERT INTO `messages` (`id`, `from_user_id`, `to_user_id`, `txt`, `is_delivered`, `created_at`, `update_at`) VALUES ('528', '78', '58', 'Nulla vero officia vero quo vel sed illo. Quidem dolore illum suscipit occaecati ab exercitationem. Quidem ipsa ipsa excepturi accusamus.', 0, '1984-07-03 14:04:56', '1974-11-02 21:18:42');
INSERT INTO `messages` (`id`, `from_user_id`, `to_user_id`, `txt`, `is_delivered`, `created_at`, `update_at`) VALUES ('529', '23', '75', 'Officiis ipsam quibusdam tenetur molestiae porro. Laudantium eos consectetur cumque saepe molestiae. Repellat quasi quibusdam fuga sit eos facilis et. Nihil praesentium laborum vero vel.', 0, '1983-06-21 21:54:02', '1980-06-26 23:01:27');
INSERT INTO `messages` (`id`, `from_user_id`, `to_user_id`, `txt`, `is_delivered`, `created_at`, `update_at`) VALUES ('530', '29', '39', 'Aut ab omnis perspiciatis eum et. Laboriosam itaque ut velit voluptatem labore eligendi.', 0, '1994-09-16 04:08:35', '1970-04-28 17:07:46');
INSERT INTO `messages` (`id`, `from_user_id`, `to_user_id`, `txt`, `is_delivered`, `created_at`, `update_at`) VALUES ('531', '24', '95', 'Quidem voluptatum non nulla labore recusandae necessitatibus. Corrupti quia quis architecto maiores beatae. Iusto sit harum tempore quam enim sint quidem.', 0, '1973-06-26 18:02:07', '1978-03-29 18:15:53');
INSERT INTO `messages` (`id`, `from_user_id`, `to_user_id`, `txt`, `is_delivered`, `created_at`, `update_at`) VALUES ('532', '48', '87', 'Sint sapiente quaerat laboriosam dolores dolor quidem. Et praesentium iure ipsum labore. Aut nihil porro itaque cum.', 0, '2018-05-10 03:59:05', '1998-05-27 16:10:52');
INSERT INTO `messages` (`id`, `from_user_id`, `to_user_id`, `txt`, `is_delivered`, `created_at`, `update_at`) VALUES ('533', '2', '33', 'Sunt voluptas eaque iusto voluptas eaque officiis. In eum aliquam ad ex veritatis sunt aliquam. Expedita et aut eveniet nulla quasi.', 0, '1972-09-13 23:02:32', '2005-10-09 13:42:02');
INSERT INTO `messages` (`id`, `from_user_id`, `to_user_id`, `txt`, `is_delivered`, `created_at`, `update_at`) VALUES ('534', '10', '9', 'Vel eaque aut sed eum maiores. Sit voluptatem voluptatem at quo non dolorem. Beatae distinctio voluptatibus alias. Autem et qui voluptate harum.', 0, '2002-01-18 00:01:23', '2014-10-15 11:44:30');
INSERT INTO `messages` (`id`, `from_user_id`, `to_user_id`, `txt`, `is_delivered`, `created_at`, `update_at`) VALUES ('535', '22', '92', 'Enim minima in ea eveniet rerum quibusdam et quod. Magnam officia quisquam quia mollitia cumque.', 1, '1999-11-10 08:46:09', '1985-09-24 05:12:24');
INSERT INTO `messages` (`id`, `from_user_id`, `to_user_id`, `txt`, `is_delivered`, `created_at`, `update_at`) VALUES ('536', '81', '1', 'Aut adipisci quae dolorum magnam dignissimos dolorum eius. Vel praesentium et accusantium qui mollitia. Ut consequatur quod molestiae quo hic soluta officiis.', 0, '1996-11-24 15:35:51', '2012-02-24 20:20:16');
INSERT INTO `messages` (`id`, `from_user_id`, `to_user_id`, `txt`, `is_delivered`, `created_at`, `update_at`) VALUES ('537', '35', '70', 'Dolore nihil quisquam mollitia. Magni quidem est enim ad id ipsam et molestiae. Enim at consectetur quisquam illum.', 0, '2005-03-03 20:18:23', '1985-07-31 09:02:31');
INSERT INTO `messages` (`id`, `from_user_id`, `to_user_id`, `txt`, `is_delivered`, `created_at`, `update_at`) VALUES ('538', '99', '11', 'Est recusandae voluptas asperiores quisquam iure deserunt eos. Voluptate sunt aliquid id consequuntur.', 1, '1988-09-01 16:55:19', '2009-05-25 22:26:39');
INSERT INTO `messages` (`id`, `from_user_id`, `to_user_id`, `txt`, `is_delivered`, `created_at`, `update_at`) VALUES ('539', '95', '39', 'Debitis autem ipsa et ea neque. Dolores sequi dolores ut veritatis. Recusandae iste neque id architecto occaecati ut. Quis nam quis sapiente voluptatem. Neque omnis molestiae fugiat ut.', 0, '1980-06-04 12:29:05', '1986-10-28 17:45:05');
INSERT INTO `messages` (`id`, `from_user_id`, `to_user_id`, `txt`, `is_delivered`, `created_at`, `update_at`) VALUES ('540', '23', '32', 'Labore sunt quos voluptatem eius nemo. Laborum quisquam suscipit unde velit excepturi quidem. Possimus consectetur est ex nihil eum. Doloremque molestiae aliquid dolor aut sint.', 1, '1996-03-20 07:35:17', '1989-07-28 11:44:53');
INSERT INTO `messages` (`id`, `from_user_id`, `to_user_id`, `txt`, `is_delivered`, `created_at`, `update_at`) VALUES ('541', '71', '38', 'Iste eos laboriosam vitae sunt dolor eos sint. Id quam dolor magnam impedit a numquam aspernatur. Aut velit sunt iste nisi.', 1, '2010-10-07 22:33:16', '1991-08-28 05:07:13');
INSERT INTO `messages` (`id`, `from_user_id`, `to_user_id`, `txt`, `is_delivered`, `created_at`, `update_at`) VALUES ('542', '99', '95', 'Commodi praesentium quaerat aut sunt in exercitationem. Vel sequi qui nihil sit aliquid exercitationem. Necessitatibus accusamus facilis beatae impedit architecto maxime.', 0, '1992-09-16 13:16:01', '1972-07-01 11:48:35');
INSERT INTO `messages` (`id`, `from_user_id`, `to_user_id`, `txt`, `is_delivered`, `created_at`, `update_at`) VALUES ('543', '92', '76', 'Id pariatur et ad eius. Impedit sunt nulla et maxime facilis. Delectus nostrum hic explicabo dolorum aliquam nemo. Repudiandae magni accusamus consequatur.', 0, '1974-06-02 06:32:18', '1970-12-26 16:10:08');
INSERT INTO `messages` (`id`, `from_user_id`, `to_user_id`, `txt`, `is_delivered`, `created_at`, `update_at`) VALUES ('544', '53', '14', 'Dignissimos dolores nulla enim doloribus quidem. Et ut deleniti vel magnam.', 1, '2007-11-10 22:01:05', '2001-08-11 23:35:31');
INSERT INTO `messages` (`id`, `from_user_id`, `to_user_id`, `txt`, `is_delivered`, `created_at`, `update_at`) VALUES ('545', '51', '82', 'Reiciendis odit sunt voluptas explicabo ipsam. Dolorum repudiandae omnis similique voluptatibus qui ducimus omnis illo.', 1, '2001-10-31 13:09:28', '2012-03-14 01:58:02');
INSERT INTO `messages` (`id`, `from_user_id`, `to_user_id`, `txt`, `is_delivered`, `created_at`, `update_at`) VALUES ('546', '52', '74', 'Quod aut sint optio magnam occaecati sequi ipsam. Fuga saepe porro repudiandae praesentium. Aliquid odio a et cumque quia.', 1, '1973-06-05 05:51:54', '1989-05-09 19:14:32');
INSERT INTO `messages` (`id`, `from_user_id`, `to_user_id`, `txt`, `is_delivered`, `created_at`, `update_at`) VALUES ('547', '76', '100', 'A dolorem vel expedita ut facilis ipsa placeat dolorem. Qui explicabo sequi est.', 0, '1998-06-18 04:41:18', '1993-01-03 02:06:51');
INSERT INTO `messages` (`id`, `from_user_id`, `to_user_id`, `txt`, `is_delivered`, `created_at`, `update_at`) VALUES ('548', '61', '78', 'Optio autem saepe dolorem est vitae. Aut voluptatem facere necessitatibus et et adipisci error quaerat. Eligendi ipsum earum et ad dolores eos beatae.', 0, '1976-10-17 19:55:11', '1982-03-25 14:42:38');
INSERT INTO `messages` (`id`, `from_user_id`, `to_user_id`, `txt`, `is_delivered`, `created_at`, `update_at`) VALUES ('549', '33', '70', 'Rerum ad ex ut consequuntur sed sapiente. Ea et qui optio quidem veritatis perspiciatis nisi. Minima porro explicabo enim tempore culpa. Illum deleniti et exercitationem ipsam.', 0, '1984-05-13 17:37:52', '2001-12-08 19:15:45');
INSERT INTO `messages` (`id`, `from_user_id`, `to_user_id`, `txt`, `is_delivered`, `created_at`, `update_at`) VALUES ('550', '87', '54', 'Tempore dolore ipsam dolor officia nihil numquam qui. Consequatur similique vitae quos est quo et. Ut qui quibusdam odit qui. Reiciendis et explicabo perferendis aliquid ut sapiente.', 0, '1979-09-07 23:46:28', '2005-12-23 19:16:03');
INSERT INTO `messages` (`id`, `from_user_id`, `to_user_id`, `txt`, `is_delivered`, `created_at`, `update_at`) VALUES ('551', '62', '67', 'Corrupti qui vero iste reiciendis. Nobis amet quo eos voluptas dolorem. Modi ut aut blanditiis.', 1, '1986-07-15 03:27:47', '2008-09-05 15:19:09');
INSERT INTO `messages` (`id`, `from_user_id`, `to_user_id`, `txt`, `is_delivered`, `created_at`, `update_at`) VALUES ('552', '54', '96', 'Voluptatem quidem earum ipsum aut temporibus. Voluptatibus optio occaecati dicta. Dolorum dolores quia placeat. Eos quae neque tempora cum ut non et et.', 0, '1972-04-10 03:33:20', '2011-03-21 01:38:36');
INSERT INTO `messages` (`id`, `from_user_id`, `to_user_id`, `txt`, `is_delivered`, `created_at`, `update_at`) VALUES ('553', '36', '53', 'Maxime dolor accusantium voluptatibus et. Debitis sequi temporibus at aliquid perferendis. Ea eum natus et commodi fugit. Ut et repudiandae hic deserunt voluptatem id a. Magni error hic inventore impedit voluptatum.', 1, '2010-05-14 20:34:06', '1985-10-10 16:51:24');
INSERT INTO `messages` (`id`, `from_user_id`, `to_user_id`, `txt`, `is_delivered`, `created_at`, `update_at`) VALUES ('554', '7', '31', 'Praesentium et ratione rerum in expedita. Accusamus quasi velit quia eaque quis. Ut quas ut fugit nulla ipsa. Nulla assumenda ab odio accusamus praesentium veritatis quis. Et quia in voluptates.', 1, '2018-02-22 10:50:29', '1971-05-09 05:19:44');
INSERT INTO `messages` (`id`, `from_user_id`, `to_user_id`, `txt`, `is_delivered`, `created_at`, `update_at`) VALUES ('555', '92', '29', 'Accusantium aut vel quidem. Et aut fugiat culpa velit excepturi recusandae dolorem. Consequuntur officiis non illum et quo quo.', 1, '2009-09-17 00:27:26', '2005-02-03 23:58:46');
INSERT INTO `messages` (`id`, `from_user_id`, `to_user_id`, `txt`, `is_delivered`, `created_at`, `update_at`) VALUES ('556', '63', '62', 'Quia qui a porro qui excepturi delectus aliquid. Est nihil architecto qui et asperiores animi. Eum esse minima odio est vero. Esse et ea et dolor omnis est vero.', 0, '1987-10-03 17:03:49', '2016-03-18 14:07:26');
INSERT INTO `messages` (`id`, `from_user_id`, `to_user_id`, `txt`, `is_delivered`, `created_at`, `update_at`) VALUES ('557', '67', '62', 'Qui blanditiis alias est minima rerum. Neque voluptatem voluptatem praesentium quidem sed sapiente voluptatem. Qui saepe recusandae ex corrupti iste fuga. Accusamus voluptatibus velit quia quae sit.', 0, '2009-06-13 09:55:07', '1986-09-22 21:28:03');
INSERT INTO `messages` (`id`, `from_user_id`, `to_user_id`, `txt`, `is_delivered`, `created_at`, `update_at`) VALUES ('558', '57', '58', 'Explicabo molestiae excepturi veniam illo a rem voluptas. Quibusdam unde qui eius et assumenda laborum rem cum. Dolorem culpa et quo hic. Sed ut animi molestiae sit saepe nobis et.', 1, '1999-01-21 20:21:18', '1981-04-22 02:45:46');
INSERT INTO `messages` (`id`, `from_user_id`, `to_user_id`, `txt`, `is_delivered`, `created_at`, `update_at`) VALUES ('559', '37', '10', 'Voluptates vel quaerat quos et porro aspernatur. Voluptas enim blanditiis rerum itaque eaque soluta magni non. Fugit alias eum placeat et sint. Non distinctio explicabo debitis enim repudiandae harum. Debitis veniam praesentium dicta nam.', 1, '1982-01-24 09:00:31', '1998-06-07 05:48:21');
INSERT INTO `messages` (`id`, `from_user_id`, `to_user_id`, `txt`, `is_delivered`, `created_at`, `update_at`) VALUES ('560', '72', '88', 'Qui quos aut deleniti consequatur esse. Aut quia quibusdam praesentium id assumenda. Quo et enim mollitia quibusdam at ut dolor corporis. Sunt inventore illo natus minus voluptatem cum autem.', 0, '1994-02-09 18:10:53', '1983-04-12 08:56:22');
INSERT INTO `messages` (`id`, `from_user_id`, `to_user_id`, `txt`, `is_delivered`, `created_at`, `update_at`) VALUES ('561', '91', '24', 'Nesciunt molestiae ipsum eos quia. Modi libero rerum consequatur esse quo eligendi.', 0, '1995-01-26 07:01:57', '1995-11-27 06:32:45');
INSERT INTO `messages` (`id`, `from_user_id`, `to_user_id`, `txt`, `is_delivered`, `created_at`, `update_at`) VALUES ('562', '62', '67', 'Fugiat eveniet cupiditate delectus non quidem nobis placeat. Quidem sunt ad neque voluptatem. Consectetur quisquam animi et porro.', 0, '2015-08-27 23:53:03', '1990-06-29 10:17:16');
INSERT INTO `messages` (`id`, `from_user_id`, `to_user_id`, `txt`, `is_delivered`, `created_at`, `update_at`) VALUES ('563', '23', '22', 'Sit commodi culpa esse vel ipsa. Non nihil fugit sequi. Earum officia rerum nulla quidem sit laborum non. Sunt sed nihil qui sint ex.', 0, '1978-10-07 18:15:50', '1996-05-04 19:20:09');
INSERT INTO `messages` (`id`, `from_user_id`, `to_user_id`, `txt`, `is_delivered`, `created_at`, `update_at`) VALUES ('564', '44', '55', 'Rerum facilis adipisci illo corrupti. Repellat saepe quod quia deleniti et. Sed consequatur quia eligendi magnam omnis nihil dolorem doloribus.', 1, '1982-09-30 00:13:10', '1981-09-01 19:38:53');
INSERT INTO `messages` (`id`, `from_user_id`, `to_user_id`, `txt`, `is_delivered`, `created_at`, `update_at`) VALUES ('565', '92', '30', 'Voluptate eligendi error qui quis et et ut. Quia consequuntur id magnam et. Possimus incidunt ipsum similique est et voluptas. Quae ullam inventore exercitationem quia deserunt repellendus.', 1, '1975-12-28 14:04:45', '1977-05-03 06:52:17');
INSERT INTO `messages` (`id`, `from_user_id`, `to_user_id`, `txt`, `is_delivered`, `created_at`, `update_at`) VALUES ('566', '9', '54', 'Temporibus natus at dignissimos non. Omnis cumque corporis est rem nulla odit eum aut. Provident error atque non est facilis.', 0, '2012-06-30 02:48:59', '1970-02-13 16:47:58');
INSERT INTO `messages` (`id`, `from_user_id`, `to_user_id`, `txt`, `is_delivered`, `created_at`, `update_at`) VALUES ('567', '96', '62', 'Qui in consequatur aut atque ut. Est vitae voluptates delectus deleniti neque nostrum sint. Dicta voluptate blanditiis in vero aut eos autem. Accusamus aspernatur incidunt aut aut numquam sit dolores dolorem.', 0, '2009-09-18 06:56:55', '1982-08-18 09:58:19');
INSERT INTO `messages` (`id`, `from_user_id`, `to_user_id`, `txt`, `is_delivered`, `created_at`, `update_at`) VALUES ('568', '49', '32', 'Unde quo minus repudiandae assumenda numquam. Nam dolore id voluptatem eos rerum dicta aperiam.', 1, '2015-09-18 03:00:28', '2003-07-14 23:08:38');
INSERT INTO `messages` (`id`, `from_user_id`, `to_user_id`, `txt`, `is_delivered`, `created_at`, `update_at`) VALUES ('569', '15', '56', 'Libero omnis neque voluptatum praesentium est vel. Est vel laudantium eaque voluptas tempore aliquid aut cum. Exercitationem repellendus recusandae quam aperiam maiores.', 0, '1983-08-03 07:18:20', '2011-04-12 18:25:23');
INSERT INTO `messages` (`id`, `from_user_id`, `to_user_id`, `txt`, `is_delivered`, `created_at`, `update_at`) VALUES ('570', '63', '6', 'Explicabo pariatur earum quae perspiciatis id qui nihil. Aut sunt rerum et. Quae eligendi esse aut quibusdam quae doloremque veritatis. Expedita ut esse voluptate facere tempora esse deleniti.', 0, '1973-03-18 09:34:13', '1990-08-19 00:43:38');
INSERT INTO `messages` (`id`, `from_user_id`, `to_user_id`, `txt`, `is_delivered`, `created_at`, `update_at`) VALUES ('571', '84', '25', 'Ea praesentium cum dignissimos sunt facilis quis. Voluptate maxime quia ipsa ipsam. Ex dolores dolores deleniti ipsa minima at facere. Enim quae unde iure ut natus iure ab nobis.', 0, '1986-04-17 11:33:24', '1980-08-17 23:27:44');
INSERT INTO `messages` (`id`, `from_user_id`, `to_user_id`, `txt`, `is_delivered`, `created_at`, `update_at`) VALUES ('572', '67', '50', 'Modi aliquid similique vel aut ipsam ad. Sit ducimus recusandae earum non eius et unde.', 1, '1974-06-10 12:05:22', '1983-08-29 13:52:11');
INSERT INTO `messages` (`id`, `from_user_id`, `to_user_id`, `txt`, `is_delivered`, `created_at`, `update_at`) VALUES ('573', '86', '23', 'Qui cum consequatur vero omnis nobis voluptatem. Necessitatibus aliquid ipsa et. Ut ex occaecati assumenda consequuntur itaque dolore iusto. Voluptatem dolorum autem earum harum voluptatem est consequatur. Sed velit sit nemo est.', 1, '1996-05-29 07:02:58', '1975-01-16 10:19:36');
INSERT INTO `messages` (`id`, `from_user_id`, `to_user_id`, `txt`, `is_delivered`, `created_at`, `update_at`) VALUES ('574', '8', '23', 'Sit recusandae dolores aut autem consectetur. Aut dignissimos id in quis qui. Consequatur tenetur commodi architecto voluptates vel dolor.', 0, '1990-02-19 01:32:49', '1972-03-18 02:57:50');
INSERT INTO `messages` (`id`, `from_user_id`, `to_user_id`, `txt`, `is_delivered`, `created_at`, `update_at`) VALUES ('575', '32', '79', 'Quo in in inventore sunt ut corporis ullam. Ut esse quam enim sint. In eaque facere architecto sed assumenda neque.', 0, '1983-10-14 21:32:56', '1995-07-11 04:18:05');
INSERT INTO `messages` (`id`, `from_user_id`, `to_user_id`, `txt`, `is_delivered`, `created_at`, `update_at`) VALUES ('576', '11', '22', 'Vel sint dolores ad quis eius dolor quia voluptatem. Dignissimos est et in facere delectus. Quam enim animi nesciunt praesentium et tempora officia beatae. Labore molestiae excepturi nihil porro.', 1, '2015-05-08 16:07:03', '1971-05-26 09:01:57');
INSERT INTO `messages` (`id`, `from_user_id`, `to_user_id`, `txt`, `is_delivered`, `created_at`, `update_at`) VALUES ('577', '2', '72', 'Nulla sed alias et. Voluptas at mollitia possimus aperiam aperiam omnis consequatur. Doloribus omnis quam est qui unde tempore.', 1, '1972-11-04 19:58:04', '1988-03-01 18:11:14');
INSERT INTO `messages` (`id`, `from_user_id`, `to_user_id`, `txt`, `is_delivered`, `created_at`, `update_at`) VALUES ('578', '89', '25', 'Quod impedit qui tempore eligendi aut hic. Et quisquam maxime magnam. Doloremque molestias laborum sed minima. Iure vero voluptatem mollitia necessitatibus.', 1, '1990-09-20 17:10:04', '2008-01-02 18:06:53');
INSERT INTO `messages` (`id`, `from_user_id`, `to_user_id`, `txt`, `is_delivered`, `created_at`, `update_at`) VALUES ('579', '93', '32', 'Quaerat non dolore nesciunt quis officia reprehenderit numquam. Et aperiam ex autem eum ex debitis earum. Accusantium eum voluptas qui debitis delectus quo. Veritatis tempore veritatis et officiis accusamus.', 1, '1979-11-08 21:05:50', '2002-09-20 09:48:43');
INSERT INTO `messages` (`id`, `from_user_id`, `to_user_id`, `txt`, `is_delivered`, `created_at`, `update_at`) VALUES ('580', '80', '85', 'Voluptas dolorem qui aliquam explicabo eius voluptatum ex. Unde asperiores voluptatibus exercitationem optio. Voluptatibus in qui dicta molestiae et. Neque quis et officia eos et.', 1, '2007-01-27 19:58:06', '1987-08-12 05:52:47');
INSERT INTO `messages` (`id`, `from_user_id`, `to_user_id`, `txt`, `is_delivered`, `created_at`, `update_at`) VALUES ('581', '61', '88', 'Aut dolorum deserunt sed dignissimos perferendis ea nostrum. Blanditiis ea sequi sit cum tenetur aut porro. Ea sapiente voluptatem atque enim qui rem. Aliquid non error ut dignissimos.', 1, '1978-10-15 15:13:27', '2019-12-24 02:14:05');
INSERT INTO `messages` (`id`, `from_user_id`, `to_user_id`, `txt`, `is_delivered`, `created_at`, `update_at`) VALUES ('582', '38', '57', 'Impedit perferendis similique nesciunt praesentium aut in vero. Dolores facere perspiciatis voluptas velit est similique. Saepe repudiandae earum tempora quas aut dolores. Non ducimus eum eos eos.', 0, '2016-04-11 09:03:37', '1997-03-22 18:38:34');
INSERT INTO `messages` (`id`, `from_user_id`, `to_user_id`, `txt`, `is_delivered`, `created_at`, `update_at`) VALUES ('583', '50', '87', 'Quos error laboriosam vitae qui. Sunt voluptates natus eos quasi velit consequatur voluptatem. Sed illo accusantium cumque autem nihil minus esse.', 0, '2019-01-28 00:29:50', '1976-06-29 21:33:26');
INSERT INTO `messages` (`id`, `from_user_id`, `to_user_id`, `txt`, `is_delivered`, `created_at`, `update_at`) VALUES ('584', '88', '64', 'Voluptatibus consectetur cum quisquam saepe at iste dolorem qui. Odio facere officiis et neque dignissimos fugiat cumque possimus. Mollitia quia cupiditate soluta repudiandae placeat harum nobis.', 0, '2006-07-11 06:58:48', '1989-01-24 02:36:04');
INSERT INTO `messages` (`id`, `from_user_id`, `to_user_id`, `txt`, `is_delivered`, `created_at`, `update_at`) VALUES ('585', '42', '51', 'Cupiditate est voluptas distinctio. Illo iste blanditiis labore eos fugiat. Similique eveniet nobis magni et ea sint. Possimus odio aliquid aspernatur perferendis.', 0, '2004-10-24 00:53:51', '1974-07-06 01:35:56');
INSERT INTO `messages` (`id`, `from_user_id`, `to_user_id`, `txt`, `is_delivered`, `created_at`, `update_at`) VALUES ('586', '69', '26', 'Quasi non ut dolores. Omnis sint qui quia nesciunt modi. Dolorum molestiae et consequatur nihil dignissimos incidunt. Nulla natus magnam cumque corporis laboriosam qui cupiditate.', 1, '2010-10-19 06:41:20', '1971-03-27 17:28:54');
INSERT INTO `messages` (`id`, `from_user_id`, `to_user_id`, `txt`, `is_delivered`, `created_at`, `update_at`) VALUES ('587', '75', '35', 'Omnis aut qui velit placeat illum odio porro et. Veritatis sed beatae in repellendus qui architecto ducimus. Doloremque veniam commodi vel tempora eos minus.', 1, '2004-11-13 23:20:26', '2017-10-07 02:41:32');
INSERT INTO `messages` (`id`, `from_user_id`, `to_user_id`, `txt`, `is_delivered`, `created_at`, `update_at`) VALUES ('588', '76', '61', 'Error nisi et et. Eligendi rerum sit voluptatem itaque autem perferendis sed error. Cum itaque et aperiam officiis.', 0, '1987-10-14 14:45:56', '2017-06-13 18:10:07');
INSERT INTO `messages` (`id`, `from_user_id`, `to_user_id`, `txt`, `is_delivered`, `created_at`, `update_at`) VALUES ('589', '58', '83', 'Quaerat similique nihil quae voluptate. Explicabo hic est molestiae velit incidunt. Voluptas quas facere tenetur in. Qui id qui quae suscipit distinctio.', 1, '1999-02-12 06:26:24', '1977-04-07 13:51:20');
INSERT INTO `messages` (`id`, `from_user_id`, `to_user_id`, `txt`, `is_delivered`, `created_at`, `update_at`) VALUES ('590', '84', '90', 'Et dolores dolor animi maiores eaque iure. Ducimus mollitia nam qui rerum. Nostrum excepturi nobis qui ducimus omnis molestias.', 0, '1988-12-03 00:10:25', '1997-06-08 04:57:24');
INSERT INTO `messages` (`id`, `from_user_id`, `to_user_id`, `txt`, `is_delivered`, `created_at`, `update_at`) VALUES ('591', '62', '94', 'Fugiat similique voluptatum molestiae consectetur ex quis eius. Ut iusto ut accusantium voluptas vero sint. Rerum et est rerum deserunt. Est unde veniam rerum est aut consectetur aliquam.', 1, '1975-08-31 09:33:49', '1985-05-20 18:45:27');
INSERT INTO `messages` (`id`, `from_user_id`, `to_user_id`, `txt`, `is_delivered`, `created_at`, `update_at`) VALUES ('592', '12', '63', 'Eum et aut at sequi. Ex aut aut repudiandae ut fugit. Molestias sed dicta molestiae sed. Sit voluptatum laboriosam ea velit officia impedit. Et corrupti pariatur libero eos delectus et.', 1, '1972-03-10 05:03:43', '1988-10-09 02:58:11');
INSERT INTO `messages` (`id`, `from_user_id`, `to_user_id`, `txt`, `is_delivered`, `created_at`, `update_at`) VALUES ('593', '65', '100', 'Fuga veritatis excepturi ipsam omnis vel voluptatem. Sunt molestiae rem exercitationem totam. Rerum nemo dolores nihil soluta dignissimos.', 1, '1976-07-17 14:45:55', '1972-10-30 07:15:42');
INSERT INTO `messages` (`id`, `from_user_id`, `to_user_id`, `txt`, `is_delivered`, `created_at`, `update_at`) VALUES ('594', '88', '58', 'Dignissimos et quo harum optio eos quasi. Nihil sit sit voluptas et. Architecto doloremque cumque adipisci nisi omnis est. Et praesentium occaecati illum ullam officiis laudantium.', 1, '2009-03-13 01:11:57', '1996-03-09 19:59:55');
INSERT INTO `messages` (`id`, `from_user_id`, `to_user_id`, `txt`, `is_delivered`, `created_at`, `update_at`) VALUES ('595', '31', '67', 'Quo dolorem voluptate ut itaque eos pariatur nostrum incidunt. Est consequatur saepe dicta accusantium impedit possimus voluptatem. Ut sint maxime saepe ratione cupiditate omnis error. Sunt delectus a et nihil et qui.', 0, '1971-08-12 15:49:29', '1987-04-22 11:06:32');
INSERT INTO `messages` (`id`, `from_user_id`, `to_user_id`, `txt`, `is_delivered`, `created_at`, `update_at`) VALUES ('596', '43', '92', 'Necessitatibus voluptatem doloribus officiis placeat numquam soluta. Soluta necessitatibus aut repellat id. Soluta quidem nostrum est sint.', 1, '1978-04-11 18:52:09', '2002-02-06 22:46:41');
INSERT INTO `messages` (`id`, `from_user_id`, `to_user_id`, `txt`, `is_delivered`, `created_at`, `update_at`) VALUES ('597', '54', '80', 'Iusto at aut quaerat eius vel suscipit. Qui quis itaque sunt quis nobis sunt. Adipisci dolores cumque sed delectus dolore iste velit.', 1, '1972-06-18 17:59:56', '1980-05-03 20:09:11');
INSERT INTO `messages` (`id`, `from_user_id`, `to_user_id`, `txt`, `is_delivered`, `created_at`, `update_at`) VALUES ('598', '48', '3', 'Aut nulla culpa dolor debitis. Velit ea voluptatum possimus quas quia sit vero. Libero dignissimos nesciunt inventore distinctio et distinctio maxime. Deleniti necessitatibus aliquid sit impedit quidem in aspernatur.', 0, '2001-06-18 13:32:05', '1998-09-06 02:04:33');
INSERT INTO `messages` (`id`, `from_user_id`, `to_user_id`, `txt`, `is_delivered`, `created_at`, `update_at`) VALUES ('599', '67', '36', 'Sit odit rerum eos nobis cumque nobis et. Unde mollitia dolorem est. Consequatur et natus dolore unde.', 1, '1970-03-18 22:18:05', '1991-08-23 10:21:57');
INSERT INTO `messages` (`id`, `from_user_id`, `to_user_id`, `txt`, `is_delivered`, `created_at`, `update_at`) VALUES ('600', '66', '9', 'Sed nemo debitis nemo nulla a est. Odio ab placeat provident eos. Minima cum officiis omnis saepe vero dolorum laboriosam rerum.', 1, '1977-10-01 05:28:59', '1980-12-06 00:50:24');


#
# TABLE STRUCTURE FOR: posts
#

DROP TABLE IF EXISTS `posts`;

CREATE TABLE `posts` (
  `id` bigint(20) unsigned NOT NULL AUTO_INCREMENT,
  `user_id` bigint(20) unsigned NOT NULL,
  `txt` text COLLATE utf8mb4_unicode_ci NOT NULL,
  `created_at` datetime DEFAULT current_timestamp(),
  `updated_at` datetime DEFAULT NULL ON UPDATE current_timestamp(),
  PRIMARY KEY (`id`),
  KEY `user_idx` (`user_id`),
  CONSTRAINT `user_posts_fk` FOREIGN KEY (`user_id`) REFERENCES `users` (`id`)
) ENGINE=InnoDB AUTO_INCREMENT=101 DEFAULT CHARSET=utf8mb4 COLLATE=utf8mb4_unicode_ci;

INSERT INTO `posts` (`id`, `user_id`, `txt`, `created_at`, `updated_at`) VALUES ('1', '94', 'Quo saepe unde sint repellat distinctio. Voluptas neque velit adipisci reiciendis minus quaerat ducimus. Distinctio vel consequatur cumque voluptatem. Temporibus cumque est deserunt natus numquam quia.', '2010-06-25 19:46:46', '2004-04-06 10:44:17');
INSERT INTO `posts` (`id`, `user_id`, `txt`, `created_at`, `updated_at`) VALUES ('2', '37', 'Qui error cupiditate ducimus quia et autem voluptas. Nesciunt corporis rem in quia dolore iusto autem repellendus. Expedita nihil molestias accusamus. Vel dignissimos temporibus dolor ratione laboriosam. Vitae repellendus aut accusantium molestiae.', '1985-12-27 16:33:18', '1997-11-01 12:38:51');
INSERT INTO `posts` (`id`, `user_id`, `txt`, `created_at`, `updated_at`) VALUES ('3', '50', 'Enim delectus voluptatem et ea voluptatibus. Fuga sunt a sapiente quo ipsum ducimus porro et. Numquam consequatur quaerat rerum et.', '2004-03-18 04:25:57', '1985-07-31 05:48:05');
INSERT INTO `posts` (`id`, `user_id`, `txt`, `created_at`, `updated_at`) VALUES ('4', '85', 'Vel nemo necessitatibus ea nam asperiores quidem cumque accusantium. Omnis quod voluptatem praesentium in suscipit recusandae. Officiis aspernatur repellendus vitae voluptas.', '1992-09-08 13:58:51', '1985-09-14 13:43:29');
INSERT INTO `posts` (`id`, `user_id`, `txt`, `created_at`, `updated_at`) VALUES ('5', '70', 'Expedita ut rerum modi quo. Consequatur hic cumque qui praesentium in corporis animi. Voluptates tenetur rerum ducimus aspernatur quibusdam iste aliquam.', '1985-11-23 16:45:36', '1994-05-25 05:49:54');
INSERT INTO `posts` (`id`, `user_id`, `txt`, `created_at`, `updated_at`) VALUES ('6', '70', 'Perspiciatis molestiae temporibus assumenda eos asperiores praesentium. Velit sed repellendus sed adipisci quia sit et. Qui omnis laborum exercitationem corporis doloremque velit iusto.', '2016-11-14 14:30:41', '1972-01-06 03:25:08');
INSERT INTO `posts` (`id`, `user_id`, `txt`, `created_at`, `updated_at`) VALUES ('7', '44', 'Consequuntur aliquam error ipsam blanditiis sapiente. Sapiente aut eos ipsa qui iste. Quasi sit sint tempora.', '1974-04-14 08:24:42', '2000-05-24 02:47:02');
INSERT INTO `posts` (`id`, `user_id`, `txt`, `created_at`, `updated_at`) VALUES ('8', '62', 'In ratione repellendus quas. Id voluptatibus voluptatem ab doloremque. Dignissimos earum et deserunt quae itaque blanditiis enim.', '1984-06-01 22:20:49', '1994-09-08 04:35:23');
INSERT INTO `posts` (`id`, `user_id`, `txt`, `created_at`, `updated_at`) VALUES ('9', '36', 'Ea ad enim laudantium rerum neque animi excepturi eos. Est quo aut doloremque autem.', '1990-12-20 02:39:23', '1997-01-01 06:28:48');
INSERT INTO `posts` (`id`, `user_id`, `txt`, `created_at`, `updated_at`) VALUES ('10', '48', 'Laboriosam laudantium alias minima qui. In quo sint adipisci quibusdam. Totam itaque laboriosam alias rerum eum.', '1985-07-28 18:22:39', '2019-02-13 22:32:00');
INSERT INTO `posts` (`id`, `user_id`, `txt`, `created_at`, `updated_at`) VALUES ('11', '23', 'Ea error cum ullam. Quo error id inventore et atque. Tempore commodi ducimus velit esse. Possimus id suscipit deserunt perspiciatis ipsam.', '1986-11-19 03:46:26', '2018-12-04 11:07:38');
INSERT INTO `posts` (`id`, `user_id`, `txt`, `created_at`, `updated_at`) VALUES ('12', '96', 'Et nihil modi aliquid. Corporis repellendus ut vel ullam earum ad sapiente nisi. Quia fugit eos ullam.', '2002-02-05 11:23:57', '1993-09-15 17:36:59');
INSERT INTO `posts` (`id`, `user_id`, `txt`, `created_at`, `updated_at`) VALUES ('13', '25', 'Exercitationem id facilis fuga. Debitis esse recusandae qui porro. Ut temporibus qui quas aut. Libero consequatur officiis officia est quam id.', '2016-12-01 22:09:38', '2002-12-15 20:53:39');
INSERT INTO `posts` (`id`, `user_id`, `txt`, `created_at`, `updated_at`) VALUES ('14', '86', 'Vero neque pariatur perspiciatis nulla qui alias ratione. Itaque necessitatibus optio accusantium ipsam dolorem. Aliquam ad id eius eius.', '1979-02-24 19:33:41', '2005-11-06 00:02:04');
INSERT INTO `posts` (`id`, `user_id`, `txt`, `created_at`, `updated_at`) VALUES ('15', '96', 'Eveniet velit molestiae accusantium earum quibusdam. Rerum consequatur non et unde unde et sed eum. Omnis sint porro voluptatem sunt qui odit. Ad voluptatum animi autem aut dolor et.', '1981-10-20 07:42:12', '2013-03-20 17:34:02');
INSERT INTO `posts` (`id`, `user_id`, `txt`, `created_at`, `updated_at`) VALUES ('16', '96', 'Blanditiis id libero eos rerum doloribus rem consequatur. Laboriosam voluptas id itaque voluptas. Quidem ea saepe ex consequatur necessitatibus blanditiis.', '1988-02-26 22:45:40', '1998-11-12 04:46:37');
INSERT INTO `posts` (`id`, `user_id`, `txt`, `created_at`, `updated_at`) VALUES ('17', '56', 'Sint asperiores officia eaque sunt non. Quia ex vitae quis quam. Sit voluptatem veritatis laborum.', '1988-08-15 11:57:17', '2014-12-22 01:58:34');
INSERT INTO `posts` (`id`, `user_id`, `txt`, `created_at`, `updated_at`) VALUES ('18', '52', 'Sunt quidem porro reiciendis iure perferendis vero fuga. Enim doloremque quasi alias quaerat. Et blanditiis sequi minima quae sapiente ducimus rerum enim. Praesentium praesentium dolorem placeat qui minima.', '2006-06-29 12:36:19', '2008-07-10 05:14:40');
INSERT INTO `posts` (`id`, `user_id`, `txt`, `created_at`, `updated_at`) VALUES ('19', '30', 'Neque fugiat modi enim est laboriosam. Commodi et quisquam qui qui necessitatibus exercitationem est laboriosam. Animi repudiandae ipsa modi ut laudantium non.', '1984-12-05 07:18:36', '1971-10-31 17:01:52');
INSERT INTO `posts` (`id`, `user_id`, `txt`, `created_at`, `updated_at`) VALUES ('20', '48', 'Exercitationem libero veritatis labore qui. Fugit consequatur laboriosam modi porro dolorum cum. Voluptatem voluptatibus doloremque impedit.', '1985-12-14 03:57:59', '1985-04-09 23:59:02');
INSERT INTO `posts` (`id`, `user_id`, `txt`, `created_at`, `updated_at`) VALUES ('21', '100', 'Nam repellat quia est laudantium distinctio voluptas perferendis. Vel sequi voluptas quaerat rerum dolores sed rem. Similique voluptatem saepe laboriosam. Id explicabo quo nulla repellendus non quisquam.', '1989-12-19 08:15:48', '2014-01-19 00:23:00');
INSERT INTO `posts` (`id`, `user_id`, `txt`, `created_at`, `updated_at`) VALUES ('22', '25', 'Illo consectetur nisi consequatur qui placeat laboriosam temporibus delectus. Modi vel consequuntur sed velit nemo dolor itaque. Ea molestiae accusantium sunt est amet debitis quidem voluptatum.', '2011-02-09 15:06:48', '1979-09-25 07:32:14');
INSERT INTO `posts` (`id`, `user_id`, `txt`, `created_at`, `updated_at`) VALUES ('23', '4', 'Praesentium aut quis non repellat qui fugit. Dolorem voluptatibus ea blanditiis impedit quae. Earum quidem fugiat magnam sapiente.', '2000-08-31 14:10:32', '1983-11-20 03:57:09');
INSERT INTO `posts` (`id`, `user_id`, `txt`, `created_at`, `updated_at`) VALUES ('24', '30', 'Incidunt a provident consequuntur non et voluptates qui. Ab omnis qui et minus omnis ipsum praesentium repudiandae. Eum et eos voluptate omnis. Maxime sit quis deserunt odio animi natus dolore voluptates.', '2003-04-02 13:58:38', '1980-08-06 13:32:54');
INSERT INTO `posts` (`id`, `user_id`, `txt`, `created_at`, `updated_at`) VALUES ('25', '82', 'A laborum asperiores accusantium delectus et. Qui in veniam eos sapiente at. Totam qui quia nostrum dolorum placeat dignissimos. Vero in excepturi rerum iste ipsum.', '1992-05-14 22:17:25', '1998-09-17 18:57:24');
INSERT INTO `posts` (`id`, `user_id`, `txt`, `created_at`, `updated_at`) VALUES ('26', '60', 'Dolorem enim accusantium consequatur nobis quibusdam. Voluptatem quibusdam asperiores porro vitae iure. Doloribus rem voluptate molestiae incidunt cupiditate nemo quod. Necessitatibus eos voluptate accusantium ut incidunt voluptas at.', '1978-12-07 10:20:14', '1995-11-03 03:03:11');
INSERT INTO `posts` (`id`, `user_id`, `txt`, `created_at`, `updated_at`) VALUES ('27', '46', 'Sapiente perspiciatis ratione quod voluptatum. Dolor facere et dolorem eos dolore. Quasi incidunt omnis veritatis quia voluptatibus molestiae. Saepe nesciunt autem sunt dicta itaque aut quis.', '1979-01-01 21:13:31', '2000-10-11 23:33:55');
INSERT INTO `posts` (`id`, `user_id`, `txt`, `created_at`, `updated_at`) VALUES ('28', '38', 'Aperiam aut totam autem. Impedit porro exercitationem corrupti optio dolorum facere. Numquam ab id eius fugiat consequatur.', '1992-08-19 13:00:14', '1976-09-11 20:44:43');
INSERT INTO `posts` (`id`, `user_id`, `txt`, `created_at`, `updated_at`) VALUES ('29', '67', 'Rerum dolores temporibus eaque sint molestiae. Dolor adipisci earum repellendus nihil cupiditate officia.', '2018-12-20 09:12:07', '1984-04-28 01:52:36');
INSERT INTO `posts` (`id`, `user_id`, `txt`, `created_at`, `updated_at`) VALUES ('30', '76', 'Tenetur alias consequatur enim. Minus accusamus quis non sint et delectus. Vero magni sed ut a impedit quisquam. Qui dolore cum labore ad et voluptate et quo.', '2019-03-11 18:58:40', '1997-08-30 03:39:22');
INSERT INTO `posts` (`id`, `user_id`, `txt`, `created_at`, `updated_at`) VALUES ('31', '66', 'Eius magni cupiditate illo. Nostrum et dolor vel omnis ut. Expedita adipisci pariatur omnis perferendis placeat ex beatae.', '1999-08-08 05:43:48', '2015-03-27 22:11:56');
INSERT INTO `posts` (`id`, `user_id`, `txt`, `created_at`, `updated_at`) VALUES ('32', '60', 'Eveniet maiores natus consectetur laudantium dolor. Cum omnis quis ut provident qui et aut. Cumque sit quibusdam perferendis voluptas. Est nobis explicabo quia fugit ea ut.', '1999-02-12 05:10:14', '1973-10-30 19:03:17');
INSERT INTO `posts` (`id`, `user_id`, `txt`, `created_at`, `updated_at`) VALUES ('33', '12', 'Enim sed voluptas nam. Similique distinctio quis nam. Saepe officiis ab officiis dolor.', '1993-02-10 05:11:55', '1992-11-06 01:57:29');
INSERT INTO `posts` (`id`, `user_id`, `txt`, `created_at`, `updated_at`) VALUES ('34', '16', 'Blanditiis consequuntur optio veritatis libero. Autem quia asperiores minima porro. Illum qui aspernatur sit.', '1975-03-29 20:26:15', '1976-03-22 15:09:05');
INSERT INTO `posts` (`id`, `user_id`, `txt`, `created_at`, `updated_at`) VALUES ('35', '44', 'Eos voluptatem facere deserunt omnis mollitia debitis animi. Corrupti sunt omnis vero id vel soluta.', '2012-02-16 00:04:18', '2016-12-25 14:19:34');
INSERT INTO `posts` (`id`, `user_id`, `txt`, `created_at`, `updated_at`) VALUES ('36', '82', 'Suscipit maiores tenetur nam eum iure earum explicabo. Explicabo et eum aut. Et quia et ea nisi beatae. Libero praesentium consequatur impedit aut facilis sunt autem.', '1974-01-08 07:30:02', '1991-11-30 12:28:28');
INSERT INTO `posts` (`id`, `user_id`, `txt`, `created_at`, `updated_at`) VALUES ('37', '85', 'Iusto velit quo dolores quisquam molestiae itaque. Rerum nostrum enim accusantium recusandae est consequatur aut eos. Voluptatibus occaecati aliquam nemo ut dolore ratione consectetur quia.', '1986-12-24 23:20:06', '1973-08-01 12:12:42');
INSERT INTO `posts` (`id`, `user_id`, `txt`, `created_at`, `updated_at`) VALUES ('38', '87', 'Ea aliquid voluptates aliquid beatae qui. Consequatur illo delectus qui in. Est earum repellendus voluptas nihil architecto nostrum optio. Et et fugiat aut vero sint.', '2017-02-05 07:23:01', '1978-10-25 17:34:00');
INSERT INTO `posts` (`id`, `user_id`, `txt`, `created_at`, `updated_at`) VALUES ('39', '43', 'Et natus enim sint omnis id doloribus. Assumenda voluptatem sint magnam provident cumque ipsum iste. Soluta rerum quaerat doloribus.', '2003-11-21 19:10:50', '1992-09-20 02:20:33');
INSERT INTO `posts` (`id`, `user_id`, `txt`, `created_at`, `updated_at`) VALUES ('40', '21', 'Voluptas omnis itaque corrupti nemo accusamus. Rem veniam aut aut minima omnis atque cumque voluptatum. Et aspernatur modi dolorum laudantium perferendis rerum. Non vel dolore nulla et beatae.', '2002-05-26 07:35:51', '2010-09-20 05:24:51');
INSERT INTO `posts` (`id`, `user_id`, `txt`, `created_at`, `updated_at`) VALUES ('41', '34', 'Alias molestiae omnis et saepe. Rerum qui ipsa quia eligendi dolorem pariatur laboriosam. Aut ullam quo et provident esse aliquam officiis.', '1984-08-13 09:13:54', '1983-07-07 03:38:04');
INSERT INTO `posts` (`id`, `user_id`, `txt`, `created_at`, `updated_at`) VALUES ('42', '66', 'Earum ad voluptatem provident fuga eligendi quis. Hic explicabo dignissimos ut accusamus. Officia nemo est aut autem explicabo facere.', '2003-04-29 11:45:58', '2020-07-26 13:04:41');
INSERT INTO `posts` (`id`, `user_id`, `txt`, `created_at`, `updated_at`) VALUES ('43', '16', 'Atque maiores magnam laborum voluptas incidunt. Sint eius sit asperiores. Repellendus non ut consequatur pariatur iste dolore odit.', '1989-09-23 02:51:56', '1976-12-26 15:44:51');
INSERT INTO `posts` (`id`, `user_id`, `txt`, `created_at`, `updated_at`) VALUES ('44', '59', 'Commodi sit officia ut ipsum. Hic quae quia tenetur exercitationem. Mollitia voluptatum cum tempore et.', '1985-10-27 12:10:07', '2001-06-09 17:18:52');
INSERT INTO `posts` (`id`, `user_id`, `txt`, `created_at`, `updated_at`) VALUES ('45', '51', 'Aut eum debitis aliquam repellat quia corrupti ut. Expedita saepe porro possimus voluptas. Illum ut voluptatibus eos nesciunt alias.', '2021-05-17 14:52:53', '1981-07-07 05:39:47');
INSERT INTO `posts` (`id`, `user_id`, `txt`, `created_at`, `updated_at`) VALUES ('46', '11', 'Est facere ducimus consequatur esse cumque vero vitae non. Est et hic consequatur quasi magnam. Vitae a quas minima voluptas laboriosam molestiae aspernatur. Eos nam est tempore iure officiis et.', '1984-09-20 23:53:17', '1988-10-12 13:44:10');
INSERT INTO `posts` (`id`, `user_id`, `txt`, `created_at`, `updated_at`) VALUES ('47', '55', 'Neque sunt beatae omnis qui dolorum voluptatum eius. Et corrupti aut sequi voluptate. Ab omnis numquam laborum qui placeat hic. Sit quisquam deserunt officiis aperiam iure nesciunt quis.', '2019-12-31 16:28:24', '1972-10-08 13:56:20');
INSERT INTO `posts` (`id`, `user_id`, `txt`, `created_at`, `updated_at`) VALUES ('48', '7', 'Laborum dolor et maiores ut vel non similique. Illo eligendi vel ut alias.', '2014-03-17 20:31:58', '2010-02-01 15:55:53');
INSERT INTO `posts` (`id`, `user_id`, `txt`, `created_at`, `updated_at`) VALUES ('49', '63', 'Et recusandae consequatur omnis dolorum. Amet iure molestiae eos libero. Quae quas ipsa reiciendis et asperiores.', '1981-05-26 08:21:14', '2004-03-06 01:30:33');
INSERT INTO `posts` (`id`, `user_id`, `txt`, `created_at`, `updated_at`) VALUES ('50', '84', 'Harum ea et optio consequatur ad ipsa repellat odit. Illo enim vel dolore eos expedita cum voluptatibus. Eveniet ut voluptatem laborum hic aut. Dignissimos totam ex animi aliquid.', '2002-09-18 06:25:53', '1998-11-04 19:57:44');
INSERT INTO `posts` (`id`, `user_id`, `txt`, `created_at`, `updated_at`) VALUES ('51', '54', 'Quas ea ratione autem architecto. Occaecati sed voluptas nostrum et molestiae aut error. Fugit eos consequuntur dolore repellendus distinctio ut eligendi. Sit fugit esse voluptatem recusandae.', '1989-01-18 21:34:25', '1982-07-19 07:10:55');
INSERT INTO `posts` (`id`, `user_id`, `txt`, `created_at`, `updated_at`) VALUES ('52', '63', 'Excepturi occaecati blanditiis est dolorum numquam. Et minus sapiente repellendus voluptate delectus iste facere error. Voluptatem ut quaerat repellendus nesciunt et.', '1978-07-29 10:15:08', '2005-06-15 11:30:48');
INSERT INTO `posts` (`id`, `user_id`, `txt`, `created_at`, `updated_at`) VALUES ('53', '9', 'Ut nostrum exercitationem suscipit repellendus id inventore eaque. Minima nostrum quaerat beatae voluptas ipsam assumenda dolorem. Et aut rerum natus distinctio.', '1986-04-01 08:49:01', '1984-01-18 15:23:34');
INSERT INTO `posts` (`id`, `user_id`, `txt`, `created_at`, `updated_at`) VALUES ('54', '58', 'Ullam ut ut assumenda cum. Libero possimus ex numquam officia aliquam. Ex quas et vitae quidem nulla nisi sed.', '1990-05-06 11:53:00', '1981-11-23 00:43:50');
INSERT INTO `posts` (`id`, `user_id`, `txt`, `created_at`, `updated_at`) VALUES ('55', '92', 'Corporis ad vero architecto aut rerum commodi. Ipsa similique et tempore eaque laudantium laborum recusandae.', '2013-12-17 13:19:51', '1982-11-25 02:40:36');
INSERT INTO `posts` (`id`, `user_id`, `txt`, `created_at`, `updated_at`) VALUES ('56', '91', 'Libero atque assumenda et expedita. Iusto perferendis illo sit vel. Et aliquam cupiditate quis dolores atque tempora velit. Dignissimos quaerat officia in aut aut.', '1990-05-07 02:06:16', '2018-02-22 13:41:59');
INSERT INTO `posts` (`id`, `user_id`, `txt`, `created_at`, `updated_at`) VALUES ('57', '18', 'Architecto nobis voluptas rerum consequatur quo. Non temporibus maxime vel possimus voluptas possimus. Maxime quae nihil illum dolores et ducimus.', '2017-01-21 10:06:29', '2009-10-27 19:37:37');
INSERT INTO `posts` (`id`, `user_id`, `txt`, `created_at`, `updated_at`) VALUES ('58', '38', 'Consequatur sit neque est rem quod. Voluptas et inventore quam accusantium quo aut fuga. Hic numquam id vero amet exercitationem.', '1990-10-07 20:32:52', '2005-08-26 11:24:35');
INSERT INTO `posts` (`id`, `user_id`, `txt`, `created_at`, `updated_at`) VALUES ('59', '29', 'Minima nobis recusandae doloremque ut ipsa. Assumenda voluptatem veniam eveniet sunt sapiente omnis nemo. Doloribus deserunt quibusdam veniam maiores doloribus molestiae.', '1970-10-23 11:15:48', '2008-05-22 20:31:18');
INSERT INTO `posts` (`id`, `user_id`, `txt`, `created_at`, `updated_at`) VALUES ('60', '84', 'Est recusandae a error vitae eius perspiciatis est dignissimos. Laboriosam ipsam soluta odit voluptas placeat delectus. Culpa sed sit nulla sunt omnis nisi. Alias nesciunt hic suscipit quisquam cupiditate ut quis.', '1996-05-19 12:32:15', '1982-09-22 15:21:34');
INSERT INTO `posts` (`id`, `user_id`, `txt`, `created_at`, `updated_at`) VALUES ('61', '13', 'Et nulla nulla unde modi. Fugit accusamus explicabo at quis nulla facere omnis excepturi. Quibusdam deleniti libero fuga dolore asperiores quaerat harum tempora. Omnis eligendi nesciunt cum vel laboriosam quisquam. Illo a asperiores recusandae.', '2011-04-22 12:45:41', '2020-02-10 10:39:51');
INSERT INTO `posts` (`id`, `user_id`, `txt`, `created_at`, `updated_at`) VALUES ('62', '94', 'Dolorem sint eveniet iste est eveniet. Labore molestias odio mollitia consequuntur impedit. Iusto quia magnam ducimus minima et esse et.', '1973-01-23 01:14:13', '1988-01-26 09:38:51');
INSERT INTO `posts` (`id`, `user_id`, `txt`, `created_at`, `updated_at`) VALUES ('63', '43', 'Eaque aperiam et iste ducimus tempore. Qui consequatur eos qui magnam quia. Animi et architecto culpa eaque.', '2017-03-08 13:17:51', '1979-12-31 02:48:34');
INSERT INTO `posts` (`id`, `user_id`, `txt`, `created_at`, `updated_at`) VALUES ('64', '25', 'Reprehenderit sed ab non sed. Aut quia sint mollitia beatae totam deleniti. Fugiat qui quasi temporibus dicta culpa qui.', '2007-12-27 08:56:29', '1979-03-26 13:06:48');
INSERT INTO `posts` (`id`, `user_id`, `txt`, `created_at`, `updated_at`) VALUES ('65', '10', 'Magni nesciunt veniam rerum quia harum exercitationem. Recusandae sit deserunt voluptates. Accusamus qui beatae libero corporis nihil ipsam. Explicabo consectetur cum fugit quod non.', '2018-11-30 01:37:14', '1989-05-28 17:46:19');
INSERT INTO `posts` (`id`, `user_id`, `txt`, `created_at`, `updated_at`) VALUES ('66', '86', 'Ipsum id dignissimos aut suscipit optio officiis deserunt doloremque. Ad quo laboriosam reiciendis magni qui. Eius quos delectus quia sunt harum corporis laborum.', '1981-12-27 11:14:38', '1975-10-06 14:23:30');
INSERT INTO `posts` (`id`, `user_id`, `txt`, `created_at`, `updated_at`) VALUES ('67', '7', 'Minus modi atque saepe quos. Earum voluptatem minus et nulla sit dolorum. Error neque qui maxime laborum eligendi. Aspernatur vel molestiae quisquam doloremque minus iure modi.', '2007-03-27 10:38:21', '1985-02-17 21:02:40');
INSERT INTO `posts` (`id`, `user_id`, `txt`, `created_at`, `updated_at`) VALUES ('68', '95', 'Ab ex pariatur ea ad fugit cumque voluptate. Odit aut natus aut occaecati hic reiciendis autem. Voluptas labore et eveniet est quo dolorem dolores rerum.', '1999-05-06 22:13:03', '1974-10-21 18:30:06');
INSERT INTO `posts` (`id`, `user_id`, `txt`, `created_at`, `updated_at`) VALUES ('69', '73', 'Aliquam cumque animi accusantium eos. Rerum eos accusamus aut itaque et dolor. Quia et totam beatae voluptates quia mollitia minus.', '1994-04-23 07:32:15', '1984-04-05 06:37:01');
INSERT INTO `posts` (`id`, `user_id`, `txt`, `created_at`, `updated_at`) VALUES ('70', '50', 'Rerum ipsam quo qui iure. Recusandae vel et ut.', '2005-07-27 04:21:38', '1994-08-28 18:04:34');
INSERT INTO `posts` (`id`, `user_id`, `txt`, `created_at`, `updated_at`) VALUES ('71', '15', 'Molestiae at ut facere dicta similique et asperiores. Assumenda est odit voluptatem quo. Dignissimos voluptas quis beatae tempore voluptas. Assumenda repellendus ea non omnis. Dolores eligendi veritatis eos omnis exercitationem.', '1986-09-06 22:13:17', '1976-07-08 10:13:00');
INSERT INTO `posts` (`id`, `user_id`, `txt`, `created_at`, `updated_at`) VALUES ('72', '7', 'Nemo tenetur laboriosam consequatur et error molestiae aut. Ratione nam facere quibusdam velit aspernatur. Corrupti recusandae numquam eius maiores. Ex asperiores est delectus exercitationem in neque aliquid numquam.', '2018-11-19 01:04:55', '1994-08-07 03:21:25');
INSERT INTO `posts` (`id`, `user_id`, `txt`, `created_at`, `updated_at`) VALUES ('73', '15', 'Neque fuga saepe at unde qui nam commodi. Qui dolor rerum nihil magni. Reiciendis beatae totam suscipit corrupti.', '2004-10-16 17:08:12', '1980-11-28 08:58:50');
INSERT INTO `posts` (`id`, `user_id`, `txt`, `created_at`, `updated_at`) VALUES ('74', '30', 'Enim ea sapiente et quos. Adipisci nobis temporibus rem ratione. At rerum iure reiciendis maxime delectus distinctio.', '2008-05-30 12:33:38', '1971-03-09 15:23:36');
INSERT INTO `posts` (`id`, `user_id`, `txt`, `created_at`, `updated_at`) VALUES ('75', '66', 'Error ea et dolores in similique aspernatur quisquam quibusdam. Iure fugiat exercitationem et at suscipit veniam corporis. Et quos quae sit quaerat. Tempore tenetur ea voluptate eveniet in.', '2015-07-17 23:53:38', '2010-03-06 02:53:47');
INSERT INTO `posts` (`id`, `user_id`, `txt`, `created_at`, `updated_at`) VALUES ('76', '66', 'Animi hic sint est eius. Blanditiis voluptatem totam nam et ex illum. Delectus ullam architecto sint eaque.', '1989-10-03 00:09:52', '1984-02-15 10:27:26');
INSERT INTO `posts` (`id`, `user_id`, `txt`, `created_at`, `updated_at`) VALUES ('77', '41', 'Provident ratione temporibus itaque excepturi molestiae error. Adipisci quaerat maiores impedit nulla fugit praesentium id. Officia porro aperiam unde corrupti corporis perspiciatis. Numquam nihil ipsam illo odit facilis.', '2006-07-17 09:43:08', '2005-01-20 17:56:45');
INSERT INTO `posts` (`id`, `user_id`, `txt`, `created_at`, `updated_at`) VALUES ('78', '20', 'Aliquid expedita quasi aut voluptas est totam. Eligendi officia ut sint placeat esse molestiae autem. Esse quo consequuntur aperiam omnis esse rerum consequuntur. Nesciunt voluptatum optio quis libero quae odio.', '1981-07-05 10:29:21', '2020-07-18 14:43:13');
INSERT INTO `posts` (`id`, `user_id`, `txt`, `created_at`, `updated_at`) VALUES ('79', '72', 'Aut aperiam et beatae rerum nobis at. Cupiditate aut impedit fugiat nesciunt omnis aut. Exercitationem expedita incidunt tenetur perspiciatis maxime molestiae.', '1999-04-23 12:58:54', '2017-04-23 09:52:55');
INSERT INTO `posts` (`id`, `user_id`, `txt`, `created_at`, `updated_at`) VALUES ('80', '4', 'Maiores nam sit corrupti occaecati assumenda deserunt quas. Recusandae qui ducimus natus.', '1984-12-27 21:10:30', '1970-12-26 08:27:31');
INSERT INTO `posts` (`id`, `user_id`, `txt`, `created_at`, `updated_at`) VALUES ('81', '3', 'Quis perspiciatis quisquam iusto sequi facilis eveniet. Molestiae quae necessitatibus et eos. Libero vel qui qui quibusdam. Vero ut aut sit quaerat dolorum vitae delectus.', '2005-01-18 19:01:22', '2008-05-24 21:18:00');
INSERT INTO `posts` (`id`, `user_id`, `txt`, `created_at`, `updated_at`) VALUES ('82', '26', 'Praesentium corrupti neque molestiae rerum autem. Est ipsum dolores modi incidunt corporis. Et sunt accusantium error animi alias et.', '1999-11-07 06:59:30', '1996-08-22 21:58:47');
INSERT INTO `posts` (`id`, `user_id`, `txt`, `created_at`, `updated_at`) VALUES ('83', '66', 'Nesciunt fugit alias perferendis et ipsum. Odit incidunt commodi beatae debitis culpa. Non ipsa deleniti ea facere deserunt dignissimos.', '1970-02-07 01:37:08', '1971-09-14 18:03:06');
INSERT INTO `posts` (`id`, `user_id`, `txt`, `created_at`, `updated_at`) VALUES ('84', '12', 'At facilis reprehenderit qui quis doloremque. Ipsum voluptatibus tenetur aut possimus dicta modi rerum.', '1978-08-02 17:25:48', '1996-04-06 07:44:57');
INSERT INTO `posts` (`id`, `user_id`, `txt`, `created_at`, `updated_at`) VALUES ('85', '84', 'Repellat mollitia deserunt voluptate rerum consequatur enim hic. Molestiae voluptates explicabo voluptates eum. Repellendus molestias repudiandae dolores quo minima nobis.', '2009-05-04 13:25:30', '2002-02-23 06:41:57');
INSERT INTO `posts` (`id`, `user_id`, `txt`, `created_at`, `updated_at`) VALUES ('86', '58', 'Possimus aliquid suscipit quos ex rerum. Officiis placeat minus eum beatae est soluta quis. Dolores molestiae repellat ad vel quam.', '1971-03-06 09:59:01', '2000-09-01 18:44:20');
INSERT INTO `posts` (`id`, `user_id`, `txt`, `created_at`, `updated_at`) VALUES ('87', '3', 'Qui illo corrupti vero eos. Eius qui unde consectetur. Dignissimos nemo error consequatur deleniti eligendi sunt quasi. Aut repellat dolores quae blanditiis.', '1978-08-17 02:25:54', '2000-10-27 05:21:07');
INSERT INTO `posts` (`id`, `user_id`, `txt`, `created_at`, `updated_at`) VALUES ('88', '1', 'Adipisci non quia quo. Autem ea in quis ea consequuntur. Dolorum et mollitia soluta sit consequatur at. Unde exercitationem aut aliquid.', '1996-09-28 03:54:56', '1987-09-22 01:25:35');
INSERT INTO `posts` (`id`, `user_id`, `txt`, `created_at`, `updated_at`) VALUES ('89', '95', 'Sapiente accusantium impedit placeat provident. Voluptatum qui a vitae. Voluptatum quasi rerum minus accusamus.', '1999-04-24 01:13:37', '2008-03-03 04:00:50');
INSERT INTO `posts` (`id`, `user_id`, `txt`, `created_at`, `updated_at`) VALUES ('90', '31', 'Quo dolorum ut qui aliquam dolor reprehenderit esse a. Ipsum id rerum est harum. Vel at quidem in dolorem.', '1980-06-04 05:59:59', '2008-06-08 00:56:13');
INSERT INTO `posts` (`id`, `user_id`, `txt`, `created_at`, `updated_at`) VALUES ('91', '84', 'Praesentium dolorem quas nobis laborum quam molestiae. Est aspernatur id ut aut. Porro quis quis quae.', '1979-01-15 08:51:45', '1988-02-22 05:28:54');
INSERT INTO `posts` (`id`, `user_id`, `txt`, `created_at`, `updated_at`) VALUES ('92', '8', 'Voluptas ipsam voluptatem porro assumenda dolorum iure. Ut explicabo dolor est. Odio assumenda sint odit assumenda at. Nisi aut rem rem nihil recusandae. Nemo nihil rerum nihil.', '1976-12-30 17:59:12', '2015-03-24 23:04:45');
INSERT INTO `posts` (`id`, `user_id`, `txt`, `created_at`, `updated_at`) VALUES ('93', '25', 'Vel autem doloremque eligendi. Eveniet ipsa assumenda labore eos cum accusamus. Eius est saepe aut velit.', '2016-10-05 20:58:23', '2014-12-30 01:35:32');
INSERT INTO `posts` (`id`, `user_id`, `txt`, `created_at`, `updated_at`) VALUES ('94', '27', 'Expedita incidunt cumque aperiam nihil est earum earum vel. Et molestiae quo sed minima rerum sed autem. Rem voluptate minus doloremque beatae debitis doloremque esse. Necessitatibus iusto aut voluptas quibusdam veritatis.', '1986-10-04 15:29:43', '1986-05-02 00:16:13');
INSERT INTO `posts` (`id`, `user_id`, `txt`, `created_at`, `updated_at`) VALUES ('95', '33', 'Debitis non autem voluptatem minima quibusdam dolores dicta. Optio quos qui tempore. Neque est repellat sunt hic libero voluptas id similique. Quia enim provident impedit vitae enim nemo.', '1989-07-19 06:02:53', '2005-03-15 01:59:16');
INSERT INTO `posts` (`id`, `user_id`, `txt`, `created_at`, `updated_at`) VALUES ('96', '34', 'Tempore qui accusantium autem consequatur cum saepe minus. Doloremque corrupti et illo aut.', '1999-02-12 19:56:41', '2015-02-25 06:55:14');
INSERT INTO `posts` (`id`, `user_id`, `txt`, `created_at`, `updated_at`) VALUES ('97', '13', 'Labore dolores dolores cupiditate eaque. Quae cumque quia ducimus aut atque tenetur iusto. Nisi est saepe et fugiat quis temporibus est aut. Autem quasi eos totam esse ad. Est architecto quis magni rem optio dolorem commodi sit.', '1973-09-12 22:33:44', '1986-08-25 07:20:05');
INSERT INTO `posts` (`id`, `user_id`, `txt`, `created_at`, `updated_at`) VALUES ('98', '39', 'Ut assumenda aliquid aut libero est et. Non vero quia doloremque suscipit. Saepe enim sequi sunt blanditiis ullam explicabo amet. Tempore blanditiis similique aut soluta facilis sed magni.', '1992-07-06 02:28:07', '2017-11-27 20:57:09');
INSERT INTO `posts` (`id`, `user_id`, `txt`, `created_at`, `updated_at`) VALUES ('99', '28', 'Iusto eos non temporibus. Perferendis vero aut nam officia deserunt et. Modi dolorum quo et. Dolores molestias asperiores aspernatur sapiente fuga iusto.', '2007-04-02 23:30:17', '2018-06-05 21:01:57');
INSERT INTO `posts` (`id`, `user_id`, `txt`, `created_at`, `updated_at`) VALUES ('100', '85', 'Debitis repellendus enim numquam et alias quia sed ut. Facilis cumque voluptatem non. Soluta qui omnis et inventore ad dicta. Eligendi ut fugiat dolores quia eum.', '1970-05-25 11:33:23', '1990-09-04 23:12:59');


#
# TABLE STRUCTURE FOR: posts_likes
#

DROP TABLE IF EXISTS `posts_likes`;

CREATE TABLE `posts_likes` (
  `post_id` bigint(20) unsigned NOT NULL,
  `user_id` bigint(20) unsigned NOT NULL,
  `like_type` tinyint(1) DEFAULT 1,
  PRIMARY KEY (`post_id`,`user_id`),
  KEY `post_idx` (`post_id`),
  KEY `user_idx` (`user_id`),
  CONSTRAINT `posts_likes_fk` FOREIGN KEY (`post_id`) REFERENCES `posts` (`id`),
  CONSTRAINT `users_likes_fk` FOREIGN KEY (`user_id`) REFERENCES `users` (`id`)
) ENGINE=InnoDB DEFAULT CHARSET=utf8mb4 COLLATE=utf8mb4_unicode_ci;

INSERT INTO `posts_likes` (`post_id`, `user_id`, `like_type`) VALUES ('1', '45', 1);
INSERT INTO `posts_likes` (`post_id`, `user_id`, `like_type`) VALUES ('2', '12', 1);
INSERT INTO `posts_likes` (`post_id`, `user_id`, `like_type`) VALUES ('3', '79', 1);
INSERT INTO `posts_likes` (`post_id`, `user_id`, `like_type`) VALUES ('4', '44', 1);
INSERT INTO `posts_likes` (`post_id`, `user_id`, `like_type`) VALUES ('5', '85', 1);
INSERT INTO `posts_likes` (`post_id`, `user_id`, `like_type`) VALUES ('6', '71', 1);
INSERT INTO `posts_likes` (`post_id`, `user_id`, `like_type`) VALUES ('7', '72', 1);
INSERT INTO `posts_likes` (`post_id`, `user_id`, `like_type`) VALUES ('8', '10', 1);
INSERT INTO `posts_likes` (`post_id`, `user_id`, `like_type`) VALUES ('9', '81', 1);
INSERT INTO `posts_likes` (`post_id`, `user_id`, `like_type`) VALUES ('10', '88', 1);
INSERT INTO `posts_likes` (`post_id`, `user_id`, `like_type`) VALUES ('11', '95', 1);
INSERT INTO `posts_likes` (`post_id`, `user_id`, `like_type`) VALUES ('12', '73', 1);
INSERT INTO `posts_likes` (`post_id`, `user_id`, `like_type`) VALUES ('13', '49', 1);
INSERT INTO `posts_likes` (`post_id`, `user_id`, `like_type`) VALUES ('14', '6', 1);
INSERT INTO `posts_likes` (`post_id`, `user_id`, `like_type`) VALUES ('15', '19', 1);
INSERT INTO `posts_likes` (`post_id`, `user_id`, `like_type`) VALUES ('16', '40', 1);
INSERT INTO `posts_likes` (`post_id`, `user_id`, `like_type`) VALUES ('17', '72', 1);
INSERT INTO `posts_likes` (`post_id`, `user_id`, `like_type`) VALUES ('18', '91', 1);
INSERT INTO `posts_likes` (`post_id`, `user_id`, `like_type`) VALUES ('19', '65', 1);
INSERT INTO `posts_likes` (`post_id`, `user_id`, `like_type`) VALUES ('20', '66', 1);
INSERT INTO `posts_likes` (`post_id`, `user_id`, `like_type`) VALUES ('21', '73', 1);
INSERT INTO `posts_likes` (`post_id`, `user_id`, `like_type`) VALUES ('22', '26', 1);
INSERT INTO `posts_likes` (`post_id`, `user_id`, `like_type`) VALUES ('23', '82', 1);
INSERT INTO `posts_likes` (`post_id`, `user_id`, `like_type`) VALUES ('24', '52', 1);
INSERT INTO `posts_likes` (`post_id`, `user_id`, `like_type`) VALUES ('25', '26', 1);
INSERT INTO `posts_likes` (`post_id`, `user_id`, `like_type`) VALUES ('26', '48', 1);
INSERT INTO `posts_likes` (`post_id`, `user_id`, `like_type`) VALUES ('27', '23', 1);
INSERT INTO `posts_likes` (`post_id`, `user_id`, `like_type`) VALUES ('28', '3', 1);
INSERT INTO `posts_likes` (`post_id`, `user_id`, `like_type`) VALUES ('29', '43', 1);
INSERT INTO `posts_likes` (`post_id`, `user_id`, `like_type`) VALUES ('30', '74', 1);
INSERT INTO `posts_likes` (`post_id`, `user_id`, `like_type`) VALUES ('31', '71', 1);
INSERT INTO `posts_likes` (`post_id`, `user_id`, `like_type`) VALUES ('32', '87', 1);
INSERT INTO `posts_likes` (`post_id`, `user_id`, `like_type`) VALUES ('33', '86', 1);
INSERT INTO `posts_likes` (`post_id`, `user_id`, `like_type`) VALUES ('34', '50', 1);
INSERT INTO `posts_likes` (`post_id`, `user_id`, `like_type`) VALUES ('35', '30', 1);
INSERT INTO `posts_likes` (`post_id`, `user_id`, `like_type`) VALUES ('36', '70', 1);
INSERT INTO `posts_likes` (`post_id`, `user_id`, `like_type`) VALUES ('37', '20', 1);
INSERT INTO `posts_likes` (`post_id`, `user_id`, `like_type`) VALUES ('38', '2', 1);
INSERT INTO `posts_likes` (`post_id`, `user_id`, `like_type`) VALUES ('39', '80', 1);
INSERT INTO `posts_likes` (`post_id`, `user_id`, `like_type`) VALUES ('40', '1', 1);
INSERT INTO `posts_likes` (`post_id`, `user_id`, `like_type`) VALUES ('41', '89', 1);
INSERT INTO `posts_likes` (`post_id`, `user_id`, `like_type`) VALUES ('42', '74', 1);
INSERT INTO `posts_likes` (`post_id`, `user_id`, `like_type`) VALUES ('43', '73', 1);
INSERT INTO `posts_likes` (`post_id`, `user_id`, `like_type`) VALUES ('44', '38', 1);
INSERT INTO `posts_likes` (`post_id`, `user_id`, `like_type`) VALUES ('45', '79', 1);
INSERT INTO `posts_likes` (`post_id`, `user_id`, `like_type`) VALUES ('46', '92', 1);
INSERT INTO `posts_likes` (`post_id`, `user_id`, `like_type`) VALUES ('47', '77', 1);
INSERT INTO `posts_likes` (`post_id`, `user_id`, `like_type`) VALUES ('48', '51', 1);
INSERT INTO `posts_likes` (`post_id`, `user_id`, `like_type`) VALUES ('49', '82', 1);
INSERT INTO `posts_likes` (`post_id`, `user_id`, `like_type`) VALUES ('50', '41', 1);
INSERT INTO `posts_likes` (`post_id`, `user_id`, `like_type`) VALUES ('51', '17', 1);
INSERT INTO `posts_likes` (`post_id`, `user_id`, `like_type`) VALUES ('52', '54', 1);
INSERT INTO `posts_likes` (`post_id`, `user_id`, `like_type`) VALUES ('53', '67', 1);
INSERT INTO `posts_likes` (`post_id`, `user_id`, `like_type`) VALUES ('54', '99', 1);
INSERT INTO `posts_likes` (`post_id`, `user_id`, `like_type`) VALUES ('55', '6', 1);
INSERT INTO `posts_likes` (`post_id`, `user_id`, `like_type`) VALUES ('56', '92', 1);
INSERT INTO `posts_likes` (`post_id`, `user_id`, `like_type`) VALUES ('57', '46', 1);
INSERT INTO `posts_likes` (`post_id`, `user_id`, `like_type`) VALUES ('58', '29', 1);
INSERT INTO `posts_likes` (`post_id`, `user_id`, `like_type`) VALUES ('59', '94', 1);
INSERT INTO `posts_likes` (`post_id`, `user_id`, `like_type`) VALUES ('60', '88', 1);
INSERT INTO `posts_likes` (`post_id`, `user_id`, `like_type`) VALUES ('61', '2', 1);
INSERT INTO `posts_likes` (`post_id`, `user_id`, `like_type`) VALUES ('62', '65', 1);
INSERT INTO `posts_likes` (`post_id`, `user_id`, `like_type`) VALUES ('63', '75', 1);
INSERT INTO `posts_likes` (`post_id`, `user_id`, `like_type`) VALUES ('64', '88', 1);
INSERT INTO `posts_likes` (`post_id`, `user_id`, `like_type`) VALUES ('65', '14', 1);
INSERT INTO `posts_likes` (`post_id`, `user_id`, `like_type`) VALUES ('66', '5', 1);
INSERT INTO `posts_likes` (`post_id`, `user_id`, `like_type`) VALUES ('67', '58', 1);
INSERT INTO `posts_likes` (`post_id`, `user_id`, `like_type`) VALUES ('68', '34', 1);
INSERT INTO `posts_likes` (`post_id`, `user_id`, `like_type`) VALUES ('69', '6', 1);
INSERT INTO `posts_likes` (`post_id`, `user_id`, `like_type`) VALUES ('70', '37', 1);
INSERT INTO `posts_likes` (`post_id`, `user_id`, `like_type`) VALUES ('71', '35', 1);
INSERT INTO `posts_likes` (`post_id`, `user_id`, `like_type`) VALUES ('72', '95', 1);
INSERT INTO `posts_likes` (`post_id`, `user_id`, `like_type`) VALUES ('73', '10', 1);
INSERT INTO `posts_likes` (`post_id`, `user_id`, `like_type`) VALUES ('74', '8', 1);
INSERT INTO `posts_likes` (`post_id`, `user_id`, `like_type`) VALUES ('75', '32', 1);
INSERT INTO `posts_likes` (`post_id`, `user_id`, `like_type`) VALUES ('76', '89', 1);
INSERT INTO `posts_likes` (`post_id`, `user_id`, `like_type`) VALUES ('77', '99', 1);
INSERT INTO `posts_likes` (`post_id`, `user_id`, `like_type`) VALUES ('78', '9', 1);
INSERT INTO `posts_likes` (`post_id`, `user_id`, `like_type`) VALUES ('79', '40', 1);
INSERT INTO `posts_likes` (`post_id`, `user_id`, `like_type`) VALUES ('80', '80', 1);
INSERT INTO `posts_likes` (`post_id`, `user_id`, `like_type`) VALUES ('81', '50', 1);
INSERT INTO `posts_likes` (`post_id`, `user_id`, `like_type`) VALUES ('82', '56', 1);
INSERT INTO `posts_likes` (`post_id`, `user_id`, `like_type`) VALUES ('83', '34', 1);
INSERT INTO `posts_likes` (`post_id`, `user_id`, `like_type`) VALUES ('84', '16', 1);
INSERT INTO `posts_likes` (`post_id`, `user_id`, `like_type`) VALUES ('85', '54', 1);
INSERT INTO `posts_likes` (`post_id`, `user_id`, `like_type`) VALUES ('86', '40', 1);
INSERT INTO `posts_likes` (`post_id`, `user_id`, `like_type`) VALUES ('87', '7', 1);
INSERT INTO `posts_likes` (`post_id`, `user_id`, `like_type`) VALUES ('88', '100', 1);
INSERT INTO `posts_likes` (`post_id`, `user_id`, `like_type`) VALUES ('89', '68', 1);
INSERT INTO `posts_likes` (`post_id`, `user_id`, `like_type`) VALUES ('90', '1', 1);
INSERT INTO `posts_likes` (`post_id`, `user_id`, `like_type`) VALUES ('91', '88', 1);
INSERT INTO `posts_likes` (`post_id`, `user_id`, `like_type`) VALUES ('92', '69', 1);
INSERT INTO `posts_likes` (`post_id`, `user_id`, `like_type`) VALUES ('93', '66', 1);
INSERT INTO `posts_likes` (`post_id`, `user_id`, `like_type`) VALUES ('94', '63', 1);
INSERT INTO `posts_likes` (`post_id`, `user_id`, `like_type`) VALUES ('95', '57', 1);
INSERT INTO `posts_likes` (`post_id`, `user_id`, `like_type`) VALUES ('96', '80', 1);
INSERT INTO `posts_likes` (`post_id`, `user_id`, `like_type`) VALUES ('97', '68', 1);
INSERT INTO `posts_likes` (`post_id`, `user_id`, `like_type`) VALUES ('98', '14', 1);
INSERT INTO `posts_likes` (`post_id`, `user_id`, `like_type`) VALUES ('99', '13', 1);
INSERT INTO `posts_likes` (`post_id`, `user_id`, `like_type`) VALUES ('100', '73', 1);


#
# TABLE STRUCTURE FOR: profiles
#

DROP TABLE IF EXISTS `profiles`;

CREATE TABLE `profiles` (
  `user_id` bigint(20) unsigned NOT NULL,
  `gender` enum('f','m','x') COLLATE utf8mb4_unicode_ci NOT NULL,
  `birthday` date NOT NULL,
  `photo_id` bigint(20) unsigned DEFAULT NULL,
  `user_status` varchar(30) COLLATE utf8mb4_unicode_ci DEFAULT NULL,
  `city` varchar(130) COLLATE utf8mb4_unicode_ci DEFAULT NULL,
  `country` varchar(130) COLLATE utf8mb4_unicode_ci DEFAULT NULL,
  PRIMARY KEY (`user_id`),
  UNIQUE KEY `photo_id` (`photo_id`),
  CONSTRAINT `fk_profiles_media` FOREIGN KEY (`photo_id`) REFERENCES `media` (`id`),
  CONSTRAINT `fk_profiles_users` FOREIGN KEY (`user_id`) REFERENCES `users` (`id`)
) ENGINE=InnoDB DEFAULT CHARSET=utf8mb4 COLLATE=utf8mb4_unicode_ci;

#
# TABLE STRUCTURE FOR: users
#

DROP TABLE IF EXISTS `users`;

CREATE TABLE `users` (
  `id` bigint(20) unsigned NOT NULL AUTO_INCREMENT,
  `first_name` varchar(145) COLLATE utf8mb4_unicode_ci NOT NULL,
  `last_name` varchar(145) COLLATE utf8mb4_unicode_ci NOT NULL,
  `email` varchar(145) COLLATE utf8mb4_unicode_ci NOT NULL,
  `phone` char(11) COLLATE utf8mb4_unicode_ci NOT NULL,
  `password_hash` char(65) COLLATE utf8mb4_unicode_ci DEFAULT NULL,
  `created_at` datetime NOT NULL DEFAULT current_timestamp(),
  PRIMARY KEY (`id`),
  UNIQUE KEY `email_idx` (`email`),
  UNIQUE KEY `phone_idx` (`phone`)
) ENGINE=InnoDB AUTO_INCREMENT=101 DEFAULT CHARSET=utf8mb4 COLLATE=utf8mb4_unicode_ci;

INSERT INTO `users` (`id`, `first_name`, `last_name`, `email`, `phone`, `password_hash`, `created_at`) VALUES ('1', 'Jody', 'Erdman', 'alison.doyle@example.org', '1-967-284-6', 'd8dc3b421b3be6b0e8d4fca81378c15062025d33', '1973-06-03 10:59:34');
INSERT INTO `users` (`id`, `first_name`, `last_name`, `email`, `phone`, `password_hash`, `created_at`) VALUES ('2', 'Cornelius', 'Emmerich', 'lazaro76@example.com', '06876751293', '0ef50e78c1cde045c7202445d63c1cfaf3456404', '1992-01-02 22:58:04');
INSERT INTO `users` (`id`, `first_name`, `last_name`, `email`, `phone`, `password_hash`, `created_at`) VALUES ('3', 'Cody', 'Herzog', 'mcclure.shana@example.com', '1-664-288-0', '67bdef5fe8f398c6b8337b2dc887e5189ebfc455', '2004-02-16 22:19:22');
INSERT INTO `users` (`id`, `first_name`, `last_name`, `email`, `phone`, `password_hash`, `created_at`) VALUES ('4', 'Chaz', 'Cassin', 'znicolas@example.net', '1-234-995-5', '5de5464f4643d93bcdb82c67364139268c07287a', '2005-10-15 20:23:53');
INSERT INTO `users` (`id`, `first_name`, `last_name`, `email`, `phone`, `password_hash`, `created_at`) VALUES ('5', 'Trisha', 'Hills', 'block.anne@example.net', '222.235.913', 'd3c2cb29867e2ddaf5232a684491d7f4c915d9ac', '1973-09-08 21:43:28');
INSERT INTO `users` (`id`, `first_name`, `last_name`, `email`, `phone`, `password_hash`, `created_at`) VALUES ('6', 'Ruthe', 'Raynor', 'natalia39@example.org', '+08(5)71235', 'f2e94a9bcccb5b9a3f356e082aff0dd08d710984', '2015-12-30 12:08:47');
INSERT INTO `users` (`id`, `first_name`, `last_name`, `email`, `phone`, `password_hash`, `created_at`) VALUES ('7', 'Jaron', 'Walsh', 'afranecki@example.com', '1-310-054-8', '4e4dc45ef84ee8dbc289ee6a105b8ea63377c847', '1998-03-11 02:43:07');
INSERT INTO `users` (`id`, `first_name`, `last_name`, `email`, `phone`, `password_hash`, `created_at`) VALUES ('8', 'Rolando', 'Kirlin', 'quitzon.rasheed@example.org', '1-748-501-3', 'a5c0eb74b89c678efa8e8320e0b341ce4e95aa9c', '2011-07-22 05:43:17');
INSERT INTO `users` (`id`, `first_name`, `last_name`, `email`, `phone`, `password_hash`, `created_at`) VALUES ('9', 'Lamont', 'Ondricka', 'katlynn.runolfsdottir@example.com', '1-750-335-1', 'e7b5e8a92a05ffe599c32801d248e715f5c7af01', '1978-06-10 04:57:49');
INSERT INTO `users` (`id`, `first_name`, `last_name`, `email`, `phone`, `password_hash`, `created_at`) VALUES ('10', 'Beryl', 'Bailey', 'jyost@example.net', '666-135-453', 'bb65ada30e51fe4964d1c0a42a184fee8a12a772', '2020-04-14 07:30:24');
INSERT INTO `users` (`id`, `first_name`, `last_name`, `email`, `phone`, `password_hash`, `created_at`) VALUES ('11', 'Anthony', 'Cole', 'qolson@example.com', '833.606.452', '7e8ebb35b9753267160d5f8e29d55133ba81ddf6', '2018-07-05 10:22:40');
INSERT INTO `users` (`id`, `first_name`, `last_name`, `email`, `phone`, `password_hash`, `created_at`) VALUES ('12', 'Jett', 'Casper', 'melvina49@example.org', '(643)258-97', 'ba8f1b0c527738dc5f785f4aed1ccee525cbc124', '1987-09-01 10:48:39');
INSERT INTO `users` (`id`, `first_name`, `last_name`, `email`, `phone`, `password_hash`, `created_at`) VALUES ('13', 'Joesph', 'Flatley', 'lemke.gerard@example.org', '(751)209-25', '89a8e3ee54169001227270008fc7bda138e32659', '1992-10-16 19:22:29');
INSERT INTO `users` (`id`, `first_name`, `last_name`, `email`, `phone`, `password_hash`, `created_at`) VALUES ('14', 'Amara', 'Bauch', 'donnie.cummings@example.org', '(032)103-75', 'a39a154257e94607414315b0a8a1d8037282441b', '2006-01-14 15:20:08');
INSERT INTO `users` (`id`, `first_name`, `last_name`, `email`, `phone`, `password_hash`, `created_at`) VALUES ('15', 'Daniela', 'Stokes', 'bernier.kylee@example.com', '519-816-223', '10216468d25a2e4656e4dcede64e71263a4628d0', '1997-07-15 21:54:39');
INSERT INTO `users` (`id`, `first_name`, `last_name`, `email`, `phone`, `password_hash`, `created_at`) VALUES ('16', 'Florida', 'Christiansen', 'twila.conroy@example.com', '03433011350', '5b98cac8f05f995b5b833659e9965bbd949a7026', '1996-02-05 07:50:15');
INSERT INTO `users` (`id`, `first_name`, `last_name`, `email`, `phone`, `password_hash`, `created_at`) VALUES ('17', 'Alejandrin', 'Kshlerin', 'madison.kirlin@example.org', '(774)168-07', '3e7dc4ffa5fee0dff44f9c41af856290a7bdfe4a', '1996-05-23 18:28:17');
INSERT INTO `users` (`id`, `first_name`, `last_name`, `email`, `phone`, `password_hash`, `created_at`) VALUES ('18', 'Anahi', 'Graham', 'jabari22@example.com', '418-486-194', '949b51d55e9a387ebc00d2ab7845422c5adc3229', '1991-01-17 17:05:20');
INSERT INTO `users` (`id`, `first_name`, `last_name`, `email`, `phone`, `password_hash`, `created_at`) VALUES ('19', 'Lessie', 'Stanton', 'schroeder.krystina@example.net', '356.951.268', 'fa613dfecfbf950041869c2494819546c9c6906a', '2019-11-28 11:40:12');
INSERT INTO `users` (`id`, `first_name`, `last_name`, `email`, `phone`, `password_hash`, `created_at`) VALUES ('20', 'Joan', 'Upton', 'norval.considine@example.net', '1-207-083-9', 'b7b883b8f9cc428e3197e821dd587512467b8313', '2006-09-27 19:13:44');
INSERT INTO `users` (`id`, `first_name`, `last_name`, `email`, `phone`, `password_hash`, `created_at`) VALUES ('21', 'Roma', 'Balistreri', 'leannon.jackeline@example.com', '03292960206', '33c3ece060a3366d031736dd4dc7c3500cff6098', '1972-04-01 00:50:49');
INSERT INTO `users` (`id`, `first_name`, `last_name`, `email`, `phone`, `password_hash`, `created_at`) VALUES ('22', 'Thelma', 'Lesch', 'hmurphy@example.net', '(103)687-91', '21260a0102d02d28b8f756176f958852c12bbd24', '1990-01-16 10:32:30');
INSERT INTO `users` (`id`, `first_name`, `last_name`, `email`, `phone`, `password_hash`, `created_at`) VALUES ('23', 'Amiya', 'McLaughlin', 'thad.koelpin@example.org', '051.445.411', '5e142cbad6c7ad0dcda7cdf0cc599fe8b86817c3', '1981-02-22 12:36:05');
INSERT INTO `users` (`id`, `first_name`, `last_name`, `email`, `phone`, `password_hash`, `created_at`) VALUES ('24', 'Ilene', 'Walker', 'jwilkinson@example.com', '(184)420-70', 'fabd64bae9274d829e84c4a3cc307be1447ed794', '2009-05-16 16:29:18');
INSERT INTO `users` (`id`, `first_name`, `last_name`, `email`, `phone`, `password_hash`, `created_at`) VALUES ('25', 'Eloise', 'Cormier', 'sven92@example.net', '1-173-373-0', '005edd77fcababb1a0c4a3bdbb422f4ac0e9cf72', '2012-07-06 13:26:25');
INSERT INTO `users` (`id`, `first_name`, `last_name`, `email`, `phone`, `password_hash`, `created_at`) VALUES ('26', 'Gladyce', 'Zulauf', 'edythe.herzog@example.com', '083.191.498', 'bb0c97a24d7fa412e6d89b0067971dc616e48d62', '1970-01-27 14:01:28');
INSERT INTO `users` (`id`, `first_name`, `last_name`, `email`, `phone`, `password_hash`, `created_at`) VALUES ('27', 'Jerod', 'Abernathy', 'abdiel98@example.org', '+46(5)59994', '5a22048dec786b5633644e0179827741cbff276c', '1977-06-22 12:06:57');
INSERT INTO `users` (`id`, `first_name`, `last_name`, `email`, `phone`, `password_hash`, `created_at`) VALUES ('28', 'Adell', 'Lind', 'sauer.adah@example.com', '(154)448-91', 'a255def76550c92131e33226d1a63d8cc152149d', '2002-10-14 03:44:38');
INSERT INTO `users` (`id`, `first_name`, `last_name`, `email`, `phone`, `password_hash`, `created_at`) VALUES ('29', 'Daniella', 'Legros', 'uwilliamson@example.net', '1-998-425-3', '9d89499af48297f6a3646924eff27fb80f46b28f', '1992-02-24 13:14:11');
INSERT INTO `users` (`id`, `first_name`, `last_name`, `email`, `phone`, `password_hash`, `created_at`) VALUES ('30', 'Cornell', 'Ratke', 'ecrist@example.net', '944-156-224', 'de9ec7343843742045ff2a9d0b9dd75cf02ae341', '1985-03-26 08:30:36');
INSERT INTO `users` (`id`, `first_name`, `last_name`, `email`, `phone`, `password_hash`, `created_at`) VALUES ('31', 'Itzel', 'Cruickshank', 'iwiza@example.org', '(300)919-60', '4ccd286f3415d190c89e75379df6e8b0ba741273', '2000-08-01 10:10:34');
INSERT INTO `users` (`id`, `first_name`, `last_name`, `email`, `phone`, `password_hash`, `created_at`) VALUES ('32', 'Zachery', 'O\'Keefe', 'wcollins@example.com', '205.842.415', '520c0f9907cb6e4c64e680c0a80e85fe7e4c907e', '2002-07-05 13:01:39');
INSERT INTO `users` (`id`, `first_name`, `last_name`, `email`, `phone`, `password_hash`, `created_at`) VALUES ('33', 'Bernard', 'Turcotte', 'jazmyne58@example.com', '(390)094-16', '6e19574cf249a5be53fe7cd4f6fcf0e84db40a3d', '2018-04-30 02:47:12');
INSERT INTO `users` (`id`, `first_name`, `last_name`, `email`, `phone`, `password_hash`, `created_at`) VALUES ('34', 'Marisa', 'Hackett', 'ohansen@example.org', '(953)070-46', '872b4d200d98e2c631bad750aeedc6ddd3c02f52', '1977-06-28 04:10:34');
INSERT INTO `users` (`id`, `first_name`, `last_name`, `email`, `phone`, `password_hash`, `created_at`) VALUES ('35', 'Emie', 'Aufderhar', 'xquigley@example.com', '701.735.728', '5c27ee64a402f7afebb8cf9cb8d1271207e8635a', '1997-07-21 18:27:35');
INSERT INTO `users` (`id`, `first_name`, `last_name`, `email`, `phone`, `password_hash`, `created_at`) VALUES ('36', 'Cordelia', 'White', 'claire91@example.com', '522-426-358', '2dd7b5e5b7f97ce974c2aed65002133e1de47793', '1987-03-22 08:17:38');
INSERT INTO `users` (`id`, `first_name`, `last_name`, `email`, `phone`, `password_hash`, `created_at`) VALUES ('37', 'Ashtyn', 'Kemmer', 'tmccullough@example.net', '(510)264-88', '6c9061c7a83191a0f18bdc4483196ee6a195380e', '2009-04-06 20:06:46');
INSERT INTO `users` (`id`, `first_name`, `last_name`, `email`, `phone`, `password_hash`, `created_at`) VALUES ('38', 'Estevan', 'Howe', 'verona55@example.org', '608.774.759', '7ed967f95e23c5934f8a9d422277423d72abd407', '2014-07-01 08:59:23');
INSERT INTO `users` (`id`, `first_name`, `last_name`, `email`, `phone`, `password_hash`, `created_at`) VALUES ('39', 'Orlo', 'Murazik', 'qgleason@example.org', '(391)647-01', '2e1ba425bbd79b7f42498758f2ae121403b3019d', '1973-09-16 01:05:58');
INSERT INTO `users` (`id`, `first_name`, `last_name`, `email`, `phone`, `password_hash`, `created_at`) VALUES ('40', 'Carissa', 'Bernier', 'jose93@example.org', '(466)995-99', '574c0599e18261f8944153afbf3c2aedab50bc6c', '1982-01-29 09:58:49');
INSERT INTO `users` (`id`, `first_name`, `last_name`, `email`, `phone`, `password_hash`, `created_at`) VALUES ('41', 'Oscar', 'Thiel', 'oberbrunner.walter@example.net', '(103)202-91', 'df5bf6d36aede8569710122d4e677642586458ea', '2010-12-15 16:22:33');
INSERT INTO `users` (`id`, `first_name`, `last_name`, `email`, `phone`, `password_hash`, `created_at`) VALUES ('42', 'Theresia', 'Ullrich', 'blanda.kenton@example.org', '819.789.890', '830864bd04c57a639b6608e7328274b7f9c224c4', '1978-12-20 05:04:56');
INSERT INTO `users` (`id`, `first_name`, `last_name`, `email`, `phone`, `password_hash`, `created_at`) VALUES ('43', 'Casimir', 'White', 'monique.johns@example.com', '08173731246', 'dbb15bf6666a8aa5a32b0a24f4cedce4cc196827', '2014-08-12 19:38:56');
INSERT INTO `users` (`id`, `first_name`, `last_name`, `email`, `phone`, `password_hash`, `created_at`) VALUES ('44', 'Tevin', 'Auer', 'erdman.heidi@example.com', '410-851-320', '1f7af346c50806aad535a8ff03aa745eec059d26', '1992-03-01 00:35:20');
INSERT INTO `users` (`id`, `first_name`, `last_name`, `email`, `phone`, `password_hash`, `created_at`) VALUES ('45', 'Kurtis', 'Corkery', 'belle.reichel@example.org', '1-245-763-7', '3733a22f3d84f582b263594ea18e03dae831a71b', '2002-02-21 06:54:59');
INSERT INTO `users` (`id`, `first_name`, `last_name`, `email`, `phone`, `password_hash`, `created_at`) VALUES ('46', 'Hassie', 'Ratke', 'maximus.wehner@example.net', '+98(9)54929', '8b343c4f9a676cc8b729192f4593324d45eca25b', '1998-07-24 14:11:05');
INSERT INTO `users` (`id`, `first_name`, `last_name`, `email`, `phone`, `password_hash`, `created_at`) VALUES ('47', 'Freida', 'Rutherford', 'price.heaney@example.com', '514-651-748', '10fd2567010094e1d19003d3f70ed866bad68690', '1991-03-11 22:53:25');
INSERT INTO `users` (`id`, `first_name`, `last_name`, `email`, `phone`, `password_hash`, `created_at`) VALUES ('48', 'Mustafa', 'Jakubowski', 'bernhard09@example.org', '296-998-916', '02fb81323774b583479097189b7495953b516d43', '2000-01-25 14:22:16');
INSERT INTO `users` (`id`, `first_name`, `last_name`, `email`, `phone`, `password_hash`, `created_at`) VALUES ('49', 'Tavares', 'Bogisich', 'romaguera.terence@example.org', '009-641-749', '082c77bd2e2a7b3ac1654657f49ecc8877e9cfbf', '1975-05-03 22:52:42');
INSERT INTO `users` (`id`, `first_name`, `last_name`, `email`, `phone`, `password_hash`, `created_at`) VALUES ('50', 'Elvis', 'Roob', 'medhurst.leopold@example.org', '+79(7)73989', 'cd1e99669fdbb24d2e30cc27e887f629848815f0', '1979-05-09 07:44:53');
INSERT INTO `users` (`id`, `first_name`, `last_name`, `email`, `phone`, `password_hash`, `created_at`) VALUES ('51', 'Eddie', 'Collins', 'kwolff@example.net', '1-428-682-7', '2cfecc6062f2ecbf9ddc75b3aa5930e67869eb68', '1992-05-02 04:57:46');
INSERT INTO `users` (`id`, `first_name`, `last_name`, `email`, `phone`, `password_hash`, `created_at`) VALUES ('52', 'Herman', 'Haag', 'margarita02@example.org', '1-966-811-3', '58d2c79de8e92507bf8a60370778c8756fb60217', '2015-12-07 18:13:11');
INSERT INTO `users` (`id`, `first_name`, `last_name`, `email`, `phone`, `password_hash`, `created_at`) VALUES ('53', 'Mya', 'Conn', 'johnathan.lubowitz@example.org', '1-145-526-7', '357004b99ce03abd81daf35f9f9ce0c7e4d7826f', '1989-07-21 12:35:03');
INSERT INTO `users` (`id`, `first_name`, `last_name`, `email`, `phone`, `password_hash`, `created_at`) VALUES ('54', 'Erich', 'Blanda', 'jast.dillon@example.net', '(344)153-49', '692a3fd74e54da57a29a4feeb10fe658f07d5533', '1972-11-15 03:07:25');
INSERT INTO `users` (`id`, `first_name`, `last_name`, `email`, `phone`, `password_hash`, `created_at`) VALUES ('55', 'Janis', 'Cassin', 'emory17@example.org', '03764055560', 'bf86f25a9fa7b7bb6205f22df81acd121768e018', '1989-10-27 16:55:03');
INSERT INTO `users` (`id`, `first_name`, `last_name`, `email`, `phone`, `password_hash`, `created_at`) VALUES ('56', 'Fern', 'Breitenberg', 'iliana09@example.org', '(648)060-81', '4f238a0d9f8b3fd870cd9f0753f3ce4101d5d67f', '1975-02-16 19:58:53');
INSERT INTO `users` (`id`, `first_name`, `last_name`, `email`, `phone`, `password_hash`, `created_at`) VALUES ('57', 'Lisette', 'Donnelly', 'nikolas56@example.org', '995.795.636', '0a44e47484a2fbe87d4df022c1f194f349bd4e66', '2020-07-31 15:28:18');
INSERT INTO `users` (`id`, `first_name`, `last_name`, `email`, `phone`, `password_hash`, `created_at`) VALUES ('58', 'Amaya', 'Gerhold', 'obalistreri@example.com', '880-646-277', '3534255459e02ce486cf152c8bbceca42df7e369', '2020-03-18 16:29:28');
INSERT INTO `users` (`id`, `first_name`, `last_name`, `email`, `phone`, `password_hash`, `created_at`) VALUES ('59', 'Abigale', 'Schneider', 'aron51@example.net', '(425)130-20', '95cd2a926b167dd70c5e43c2dc6b65dc96e905ab', '1990-06-28 23:05:19');
INSERT INTO `users` (`id`, `first_name`, `last_name`, `email`, `phone`, `password_hash`, `created_at`) VALUES ('60', 'Max', 'Medhurst', 'hammes.myrtle@example.net', '938-436-109', '7a7d0b27165ad4720a7718cfb66bce8c12f053d8', '1982-08-04 00:41:43');
INSERT INTO `users` (`id`, `first_name`, `last_name`, `email`, `phone`, `password_hash`, `created_at`) VALUES ('61', 'Tina', 'Yundt', 'devonte19@example.com', '020.694.370', 'f660b0a26a72834d5c479d98195f989ea5ed1619', '1982-08-26 01:57:25');
INSERT INTO `users` (`id`, `first_name`, `last_name`, `email`, `phone`, `password_hash`, `created_at`) VALUES ('62', 'Lionel', 'Lubowitz', 'funk.kaia@example.org', '(290)992-43', '840507da18268358492d015bea0b30463601d91d', '1976-04-02 05:02:36');
INSERT INTO `users` (`id`, `first_name`, `last_name`, `email`, `phone`, `password_hash`, `created_at`) VALUES ('63', 'Torey', 'Boehm', 'glover.jailyn@example.net', '237.790.102', '38e9f14a0165f8e9c4ebbbee0730b326650bf41e', '2003-10-20 09:20:44');
INSERT INTO `users` (`id`, `first_name`, `last_name`, `email`, `phone`, `password_hash`, `created_at`) VALUES ('64', 'Roxane', 'Beatty', 'bsporer@example.net', '1-965-484-1', '8f70f22a535e413001b3fef426a81d88464adf09', '1976-01-07 11:50:19');
INSERT INTO `users` (`id`, `first_name`, `last_name`, `email`, `phone`, `password_hash`, `created_at`) VALUES ('65', 'Owen', 'Wiza', 'jonas.homenick@example.org', '1-553-493-4', 'f5cadfc19ddae60047b7af549b3fada9e6131251', '2017-05-14 08:14:22');
INSERT INTO `users` (`id`, `first_name`, `last_name`, `email`, `phone`, `password_hash`, `created_at`) VALUES ('66', 'Lessie', 'Nader', 'ruby.bednar@example.com', '+19(9)97791', '6b7735723f8d68bad387fcd190810cbaf46548fc', '1996-01-03 05:48:13');
INSERT INTO `users` (`id`, `first_name`, `last_name`, `email`, `phone`, `password_hash`, `created_at`) VALUES ('67', 'Pattie', 'Hodkiewicz', 'fshanahan@example.org', '824.711.925', '446d67c87871e422857fa0b1d22ea9a685a791bd', '2003-06-29 03:41:01');
INSERT INTO `users` (`id`, `first_name`, `last_name`, `email`, `phone`, `password_hash`, `created_at`) VALUES ('68', 'Reyna', 'Pollich', 'vhalvorson@example.org', '988.127.334', '78e6d546e285cfc8f451ad2d2d45e72810f03f66', '1990-11-16 02:15:00');
INSERT INTO `users` (`id`, `first_name`, `last_name`, `email`, `phone`, `password_hash`, `created_at`) VALUES ('69', 'Julian', 'Borer', 'lukas.schroeder@example.com', '(922)646-40', 'c683d33a1ad002af33b678b07419820f244b6d43', '1997-10-31 21:22:43');
INSERT INTO `users` (`id`, `first_name`, `last_name`, `email`, `phone`, `password_hash`, `created_at`) VALUES ('70', 'Shany', 'Lueilwitz', 'harvey.kelsi@example.com', '877.394.590', 'e8927c9ef6653d4477ba2218986cc4c1d51ed0d5', '1987-11-23 12:00:18');
INSERT INTO `users` (`id`, `first_name`, `last_name`, `email`, `phone`, `password_hash`, `created_at`) VALUES ('71', 'Norwood', 'Fisher', 'rozella28@example.com', '1-160-269-5', '8b7b4f1824b8a2a9a0a42df859f4a3a16929fa46', '1994-04-06 20:46:32');
INSERT INTO `users` (`id`, `first_name`, `last_name`, `email`, `phone`, `password_hash`, `created_at`) VALUES ('72', 'Jillian', 'Durgan', 'goyette.courtney@example.net', '02558978922', 'b69362e68f4fc70dfe72f73d421dceb2181bf5de', '2014-10-21 07:22:54');
INSERT INTO `users` (`id`, `first_name`, `last_name`, `email`, `phone`, `password_hash`, `created_at`) VALUES ('73', 'Pattie', 'O\'Hara', 'wilton.ullrich@example.com', '1-441-577-9', '63c79c0a404d880242f5025b72783ceebef06a9f', '2004-12-06 20:21:25');
INSERT INTO `users` (`id`, `first_name`, `last_name`, `email`, `phone`, `password_hash`, `created_at`) VALUES ('74', 'Jada', 'Hackett', 'antonia00@example.com', '133.506.227', 'ed13dc22a93a7693313b59b76e1884c7872c4d89', '2004-01-25 06:41:58');
INSERT INTO `users` (`id`, `first_name`, `last_name`, `email`, `phone`, `password_hash`, `created_at`) VALUES ('75', 'Jaron', 'Bashirian', 'braun.collin@example.net', '(093)117-64', '3fb90283fc244dd2547a549690acc9cd5881049c', '2018-05-01 18:29:20');
INSERT INTO `users` (`id`, `first_name`, `last_name`, `email`, `phone`, `password_hash`, `created_at`) VALUES ('76', 'Viva', 'Trantow', 'lwilliamson@example.com', '841-705-116', 'f07a60426763d4cc82bde18896e156f95b3277b5', '1975-12-21 15:57:06');
INSERT INTO `users` (`id`, `first_name`, `last_name`, `email`, `phone`, `password_hash`, `created_at`) VALUES ('77', 'Eric', 'Kassulke', 'lloyd34@example.net', '+09(0)82440', '4da808dda3c917e22532cd086a2bde9e49b4563d', '1982-12-24 09:11:11');
INSERT INTO `users` (`id`, `first_name`, `last_name`, `email`, `phone`, `password_hash`, `created_at`) VALUES ('78', 'Fredrick', 'Osinski', 'jabari16@example.com', '01529317728', 'f84f0f7727f6dfe9246ff36380bbec209e3e3048', '2008-01-15 03:33:40');
INSERT INTO `users` (`id`, `first_name`, `last_name`, `email`, `phone`, `password_hash`, `created_at`) VALUES ('79', 'Brandi', 'Lang', 'parker.weimann@example.com', '164-423-258', 'acedb3730b5fffd8bae37c32314d35dffcaec31b', '1978-09-18 01:27:45');
INSERT INTO `users` (`id`, `first_name`, `last_name`, `email`, `phone`, `password_hash`, `created_at`) VALUES ('80', 'Cecelia', 'Gislason', 'mueller.breanna@example.org', '686-977-810', '48064be335c42180d6ef764f09050521c3a42d52', '1998-12-17 08:59:02');
INSERT INTO `users` (`id`, `first_name`, `last_name`, `email`, `phone`, `password_hash`, `created_at`) VALUES ('81', 'Giovanna', 'Kessler', 'gerald17@example.net', '694-176-914', '98ffac85293eac5eda454fe3e1c8b7626ceaa1f3', '1983-08-29 15:05:38');
INSERT INTO `users` (`id`, `first_name`, `last_name`, `email`, `phone`, `password_hash`, `created_at`) VALUES ('82', 'Wade', 'Johnson', 'garfield15@example.org', '+63(1)54592', '920940ea9929ec6611f27af8e622db2a4636a85d', '1977-10-15 13:40:44');
INSERT INTO `users` (`id`, `first_name`, `last_name`, `email`, `phone`, `password_hash`, `created_at`) VALUES ('83', 'Amiya', 'Fisher', 'ike96@example.net', '650-230-372', '980a7a76d287ffd878f2ee05cb7efddf68810849', '1973-06-10 18:00:38');
INSERT INTO `users` (`id`, `first_name`, `last_name`, `email`, `phone`, `password_hash`, `created_at`) VALUES ('84', 'Pink', 'Ryan', 'augustus.gerhold@example.org', '1-442-907-8', 'bcf5f3a07fb2dcd56ddbae8efe7d3599d108667c', '1981-07-12 05:13:05');
INSERT INTO `users` (`id`, `first_name`, `last_name`, `email`, `phone`, `password_hash`, `created_at`) VALUES ('85', 'Clyde', 'Terry', 'brianne79@example.net', '614-085-473', '3bafd6962e6bfa1f183b6c3c1764c31474c2f904', '2019-07-18 10:48:48');
INSERT INTO `users` (`id`, `first_name`, `last_name`, `email`, `phone`, `password_hash`, `created_at`) VALUES ('86', 'Joel', 'McKenzie', 'tremayne61@example.com', '(244)123-05', '59c8ffe41748ac7444503c52dad09fd04382b10b', '1988-07-13 11:04:45');
INSERT INTO `users` (`id`, `first_name`, `last_name`, `email`, `phone`, `password_hash`, `created_at`) VALUES ('87', 'London', 'Rohan', 'xprohaska@example.org', '00083848107', 'ffb789183c4e07c449b2f3dc7867a5d2983d853b', '2007-05-10 17:55:34');
INSERT INTO `users` (`id`, `first_name`, `last_name`, `email`, `phone`, `password_hash`, `created_at`) VALUES ('88', 'Demetris', 'Kassulke', 'elton97@example.net', '(857)807-31', '26148c141f75b59402b7544d61a9edae9d226d01', '1987-05-26 20:34:12');
INSERT INTO `users` (`id`, `first_name`, `last_name`, `email`, `phone`, `password_hash`, `created_at`) VALUES ('89', 'Brooke', 'Casper', 'little.ryan@example.com', '910-895-696', 'b253f78ab776294ae82aa5eb4517b346bcf50a63', '1993-01-27 20:31:02');
INSERT INTO `users` (`id`, `first_name`, `last_name`, `email`, `phone`, `password_hash`, `created_at`) VALUES ('90', 'Tyson', 'Kilback', 'leatha64@example.com', '1-700-251-2', '93d7414917cc2772c6d57df8d7ef822e9778428b', '2017-09-11 23:42:42');
INSERT INTO `users` (`id`, `first_name`, `last_name`, `email`, `phone`, `password_hash`, `created_at`) VALUES ('91', 'Arno', 'Berge', 'mark40@example.net', '05181575075', 'd56bf1dcd5cb36f7061b66dc0c807afefa98afa7', '2017-08-08 14:13:26');
INSERT INTO `users` (`id`, `first_name`, `last_name`, `email`, `phone`, `password_hash`, `created_at`) VALUES ('92', 'Anjali', 'Herzog', 'ytreutel@example.net', '786-280-434', '9b86fb0664a336c703809071e5126d09f010ea91', '1979-12-08 21:50:21');
INSERT INTO `users` (`id`, `first_name`, `last_name`, `email`, `phone`, `password_hash`, `created_at`) VALUES ('93', 'Kylie', 'Brakus', 'tianna.abshire@example.org', '1-743-275-3', '8a6b48835dca3dd0505178b90e24eda8a4ccd488', '1996-02-05 02:02:52');
INSERT INTO `users` (`id`, `first_name`, `last_name`, `email`, `phone`, `password_hash`, `created_at`) VALUES ('94', 'Katelynn', 'Kassulke', 'rebekah72@example.com', '856-549-564', '2c3dd88eb76ac70fa9e29f57cc5bf6b27b697ea4', '2018-11-16 23:26:15');
INSERT INTO `users` (`id`, `first_name`, `last_name`, `email`, `phone`, `password_hash`, `created_at`) VALUES ('95', 'Anderson', 'Fahey', 'mann.berneice@example.org', '459-715-703', '094e31d8e928eb24ac356bb4a2e48a2faa7aa9b7', '1971-08-29 20:06:30');
INSERT INTO `users` (`id`, `first_name`, `last_name`, `email`, `phone`, `password_hash`, `created_at`) VALUES ('96', 'Savanna', 'Beatty', 'clair.corwin@example.com', '013.679.248', '839d52b5a89ef906029fab077844e21fde7a52a0', '1999-11-13 15:54:49');
INSERT INTO `users` (`id`, `first_name`, `last_name`, `email`, `phone`, `password_hash`, `created_at`) VALUES ('97', 'Marisol', 'Cassin', 'bernhard.dejon@example.org', '05636454077', '5f437d0a9d8e8b20cb505f345855638f7f4b23d8', '1980-01-05 11:55:45');
INSERT INTO `users` (`id`, `first_name`, `last_name`, `email`, `phone`, `password_hash`, `created_at`) VALUES ('98', 'Erin', 'Stamm', 'lind.maddison@example.org', '(387)141-84', 'c1ac20cd7de5f132dbb438a0d8df5984f6b65f9f', '1986-01-29 07:28:52');
INSERT INTO `users` (`id`, `first_name`, `last_name`, `email`, `phone`, `password_hash`, `created_at`) VALUES ('99', 'Crystel', 'Bauch', 'zyost@example.org', '(437)225-13', '018cc71b6b49d68857a998c9a253276d27d07223', '1981-10-01 16:44:34');
INSERT INTO `users` (`id`, `first_name`, `last_name`, `email`, `phone`, `password_hash`, `created_at`) VALUES ('100', 'Noelia', 'Carter', 'lenora.kozey@example.net', '315.840.448', 'daff7b484101bddaf15c8aa6170ff0bfb9fd41b1', '1976-12-22 10:57:28');


